x,y,yaw,curvature,velocity
55.10955933731301,35.43144346084486,0.4754113055058822,-1.0521294915786257,1.0
55.19404799009118,35.474937569501066,0.35699800789723657,-1.0285506464298697,1.0
55.29264613350722,35.49973106388135,0.14116158266727785,-0.9811490023614053,1.0
55.408057539595454,35.505349768909234,-0.03834131206465141,-0.914082305853043,1.0
55.53842689622694,35.490302886522024,-0.1739443600879791,-0.823567012486164,1.0
55.683970900063464,35.45686622373578,-0.2623283093750288,-0.7103134423208716,1.0
55.842629612809255,35.40861953838237,-0.312118005790579,-0.5762924133897329,1.099353226975498
56.01465050935478,35.35016767681137,-0.33582344499234207,-0.42182028799116134,1.3242338668072058
56.19591636530215,35.28530669927415,-0.3412296039294187,-0.25098834670964854,1.7113860980247069
56.38515540934409,35.218593626695494,-0.3316244289812733,-0.0721047028251736,2.4664681426412787
56.5792286397605,35.15331660881016,-0.3055164209409629,0.10392908329435041,2.286956212043879
56.77508349947903,35.09561384598586,-0.26468479606521766,0.268819488225146,1.66070798673968
56.967592942697365,35.048052730552364,-0.20521247869691317,0.4134953606912708,1.338995151098272
57.156350467767794,35.01625598936073,-0.1186591362314422,0.5223211405982414,1.168696045502087
57.34155693050049,35.00346904414012,-0.01193361501189516,0.6142051993962089,1.0553660515729464
57.51358836290905,35.011992647468034,0.12477163800137037,0.7049021778580415,1.0
57.668976417462666,35.04453503593915,0.25074405087591733,0.7703317437592252,1.0
57.81194745166301,35.08841274364306,0.3669561924696625,0.7890162124448427,1.0
57.94425060942321,35.15034095728291,0.5070414279224753,0.7694022104453243,1.0
58.064709914089065,35.22881745497663,0.6471002591910313,0.7430042814214871,1.0
58.175384446320955,35.32499467978613,0.7818130788906172,0.7129044501595699,1.0
58.27567648982431,35.438276761935995,0.9130343898350874,0.6787487320179706,1.0
58.36292553364248,35.56775846064254,1.0344491856937799,0.6391797148954153,1.0282638385380163
58.440331998252006,35.71525307147388,1.1324415605322962,0.594244525834375,1.0780766165519238
58.50760934321852,35.87640263239131,1.2143124022822303,0.542110820992015,1.1422773172443412
58.56510580634677,36.05031174040123,1.292844627146918,0.4824036325181296,1.2258853550374587
58.60977756079933,36.23446301093746,1.3585575664577636,0.41713262261094164,1.3325054815334674
58.646329695037096,36.427248666371156,1.404941698125116,0.34748818809094095,1.4688137324272685
58.675424940102225,36.62663979645748,1.4434629439130795,0.2764598484808567,1.6399002642583003
58.69795138906629,36.83046105567543,1.4750984808495886,0.20947754100582155,1.8422622818996581
58.71467738020119,37.0355574774985,1.4997065515454153,0.15297170264234294,2.0563225260328526
58.727111247049095,37.23995340604583,1.5213517336202296,0.10452802136030262,2.283827949830564
58.73485770219195,37.44336493661011,1.5299883354597892,0.058892614665763184,2.549550852261063
58.743554111530806,37.64266217801638,1.522868664367241,0.02354492518782717,2.8020759912464848
58.75382013839335,37.83870895565716,1.513901686613215,0.0007632585326565666,2.9931463664888622
58.765828103183885,38.03373509378441,1.5078584928541288,-0.01474038327261289,2.872954642341176
58.77838726110286,38.22853292024239,1.504848893968565,-0.02307135942495192,2.805799194900621
58.79154195632183,38.4230840670738,1.5095471718147113,-0.024868124720934876,2.7917250963520592
58.8023099221116,38.618623829604495,1.5116852444650712,-0.025256683648915475,2.7887000547745386
58.81464757469223,38.81351340657774,1.5042677043724382,-0.02542755725539397,2.7873718296300303
58.8282449525583,39.007881188252895,1.502036177166997,-0.022118525756905805,2.813320494537429
58.84143102830851,39.202419336842674,1.4996821630175896,-0.01595058377625614,2.863000416037608
58.85592202194801,39.39641697074492,1.4968776629305562,-0.011426117762599417,2.9005731295289134
58.8701708969654,39.59051489346415,1.5007200007539572,-0.00862729000029665,2.9243133032435766
58.88320528742256,39.78511587215953,1.5148106210448091,-0.005433147540163651,2.951885905068106
58.89208000169245,39.981439845146745,1.5191627927723923,-0.0019096523864387256,2.9829110304962354
58.90344384147392,40.176732788588616,1.5138644418596066,0.0031938864350957363,2.971527832690976
58.91435161513992,40.37221464080086,1.5172320940643758,0.00924501887691056,2.9190402532682205
58.92442411346806,40.56804247538635,1.5182681100235236,0.011856967574027355,2.896952774662031
58.93493400613489,40.76368913530466,1.515080491278276,0.011494374875036083,2.899998973967976
58.94622977908434,40.9590102729515,1.5153798171500323,0.011558169066084631,2.899462564438316
58.95662491964702,41.15470446474765,1.5208913215407112,0.011259336501927768,2.901976993527078
58.965803420137625,41.3509026053622,1.5220474007733014,0.010915343648544355,2.9048768139569145
58.975753394052525,41.54678119122138,1.5259846264869408,0.009916683258922346,2.913328336959392
58.983413026341495,41.74360846764449,1.5323294783675259,0.004671911532148784,2.958533973039311
58.99090617137695,41.940504705345965,1.5340005627956064,-0.0033543570416117623,2.9701115561616502
58.99791682147361,42.13760079899487,1.528160380794442,-0.011573498572712282,2.89933369679498
59.00767457517529,42.33355900507333,1.5212285537291006,-0.02046041515215514,2.826505567949618
59.01736064392904,42.529546904029445,1.5222572051431902,-0.028477071282425596,2.7638785044393503
59.02672222158664,42.72566921159845,1.5245958254399214,-0.03201753387096736,2.7370949127672652
59.03550650199983,42.92203064351561,1.5282377729625791,-0.03313692852011465,2.7287343724493027
59.04346067902038,43.11873591551618,1.5330677930447791,-0.03655452593692688,2.703522094433885
59.050372646660456,43.31587288477696,1.530131675083874,-0.03959513272805013,2.681479401562769
59.05946577531552,43.51210638756362,1.5215699132730798,-0.03944745043059124,2.6825417069600945
59.06975465387492,43.70928665492223,1.520056378778774,-0.03641597858544661,2.704535120864978
59.07951253232674,43.906855517181896,1.5128255619972943,-0.028261190711161094,2.765528605950209
59.09281646176692,44.10665881780394,1.4989509579304086,-0.010545906080875292,2.9079975915483582
59.108460918595064,44.30908827620364,1.4896215667537032,0.01914655110433083,2.8370413295935175
59.12628441661357,44.518047923488105,1.479220190939266,0.06036031582106572,2.54004605395049
59.147057275859524,44.729376863674716,1.4780001243412215,0.11080882711000303,2.2515313542893884
59.165703674191825,44.94162176966542,1.4932885306207124,0.1685242779288556,1.9925970585261545
59.179916016792646,45.15246869456787,1.5185099566316103,0.2314943205583925,1.7704515582937341
59.18758895376276,45.359805936408414,1.5539298183810901,0.29642703818946414,1.5879055672905258
59.186819380121555,45.56172403813189,1.6027067386051543,0.36077813467372905,1.4406907911652964
59.17484357109417,45.7590817700065,1.6619680001127204,0.4229138026049927,1.322319057458953
59.1516053707903,45.946891760122234,1.7224065963783612,0.48152323981966455,1.2272098341559792
59.11932783628043,46.12244584952989,1.796181086589364,0.5354858804392667,1.1509874369119726
59.07332501774407,46.2883094305695,1.8904083168034553,0.582761256372888,1.0915903349245692
59.014184516649934,46.4401388886901,1.9992540947532635,0.6210788307256108,1.047765355113643
58.94043097552921,46.57926154013041,2.1219722576991176,0.6501746299726622,1.0167685848099974
58.85240260186546,46.7033168753688,2.2576191513800286,0.6690679242981792,1.0
58.75016687969713,46.81128847644056,2.401167507515072,0.6755953717191766,1.0
58.63362557304657,46.9032505162353,2.542709809977297,0.6688392194049578,1.0
58.50254774282164,46.98028804864549,2.672178563559439,0.6486299304312533,1.0183680356495877
58.35740151772122,47.04335937434221,2.7921889971235574,0.6169256244156449,1.052344723346624
58.20247820699039,47.08961923562976,2.904604329140504,0.5761034006397072,1.0995817110128345
58.036274565986986,47.12092020693667,3.000259051627358,0.5278817500552205,1.1611501229929464
57.8597406059296,47.138384708348795,3.074785113013074,0.47449531141107465,1.2378862850504562
57.67325338194331,47.14520890566767,3.13452994048464,0.4158653741935775,1.33475937685608
57.478931789899676,47.14107429648508,-3.095002876716052,0.35152024384583125,1.4601661337871497
57.278703882888735,47.1268136209682,-3.0512555108788337,0.28396210317154497,1.6199698569974723
57.07430247286963,47.104421480414345,-3.0188219611200013,0.215315687240946,1.8226588629526481
56.86766261672019,47.07609472103941,-2.997006757060099,0.1490902193724408,2.0728672851714833
56.660921616236706,47.044232433977896,-2.989386423660118,0.09017796279330785,2.3612121073176127
56.45580481121975,47.01291878194579,-2.9927328044192354,0.03983503907909773,2.6797555042922707
56.25283362021422,46.98303179369272,-3.001128881546318,-0.0009615814698967131,2.991370660210646
56.05590336582579,46.95637475385323,-3.0156899504884915,-0.029457683572566236,2.756407830956242
55.861312319476724,46.933476082517835,-3.0361215337658134,-0.04662824052487824,2.631845083295621
55.66880189048543,46.91539465861226,-3.048681877700016,-0.057123668549682614,2.5611014661727287
55.47617701196079,46.89758954032233,-3.0580060032641523,-0.0626878233925243,2.52511761812827
55.28221774558706,46.88300591927512,-3.066857438128734,-0.060845533913447124,2.536919360960916
55.08820947701451,46.86854060000091,-3.0686507809294072,-0.05413232242874602,2.580873904896601
54.89396895370643,46.854635993259116,-3.072772919183638,-0.049011224708205514,2.615441959268994
54.69931292312612,46.8417345098092,-3.0859139011402004,-0.045837079976210754,2.6373365771649175
54.50299526802407,46.83284454281525,-3.0896587400663735,-0.039962579747934705,2.6788399362472957
54.30774383330366,46.82138049211549,-3.0840805544099776,-0.029415170521212848,2.7567308737983853
54.112312501715344,46.810350750874036,-3.0875008788048968,-0.01670277396495589,2.856848134092158
53.91651802072243,46.80019772985032,-3.0839793999713585,-0.005707422734517668,2.9494979057912247
53.721645775975176,46.78781823357462,-3.0800354583861953,0.0005806077146219287,2.994783616585761
53.52647582915786,46.77615745367401,-3.0845477136148585,0.00165651693016549,2.985165070563817
53.330888915207055,46.76550332148215,-3.084279959415314,-0.0004120715181686642,2.996295935355107
53.13576143888253,46.75374000874186,-3.0811523879499827,-0.004678009345332433,2.958480600311277
52.940670027537784,46.74188962743826,-3.081689026744942,-0.011614584958238434,2.8989883601927895
52.74545760756992,46.73033138679373,-3.081286416550327,-0.01891587559982961,2.838899207264774
52.550429927658286,46.71832714419996,-3.075642698038152,-0.026018846482596142,2.78278540153069
52.356109032023156,46.70461657342016,-3.072119901651986,-0.03396289818316443,2.72259803992866
52.161636109315765,46.691273028460095,-3.0816119679408835,-0.03959934755957625,2.68144909586821
51.965817400154194,46.68117849940976,-3.0903027387581226,-0.042436059622268055,2.6612066303073116
51.769964469122506,46.67116658926238,-3.084983527274516,-0.046592639277296455,2.632091702308697
51.57499139475529,46.65903051722268,-3.077122393158036,-0.04927390697495131,2.613646305266604
51.380382482108,46.64601528101987,-3.080613633336336,-0.04330454289438524,2.655070196379801
51.18485775400073,46.63521101892114,-3.100688823262262,-0.02941010804464989,2.756769346955573
50.98705039584263,46.62991751324903,-3.1282073666632915,-0.00835805361274156,2.9266175215526227
50.78423919001629,46.62984830421842,3.133816478443544,0.020774518016852178,2.823998384071628
50.57789437537444,46.63309924625856,3.126178510907284,0.054243315007256016,2.5801348050288975
50.36934928965236,46.63624398287697,3.1310529426610927,0.09142097552719934,2.3543021910305053
50.16024874393404,46.63750127348626,-3.141067571710484,0.13416366946584957,2.1390511468788134
49.95240650392317,46.636025053755354,-3.1209128558253605,0.17998674852151073,1.9481022374705743
49.75044873060794,46.629025483817145,-3.092577799059187,0.2267182448002979,1.7855498297719192
49.55275095296117,46.61642029268909,-3.0591826726958686,0.27470675942076367,1.6446283919708877
49.36103206126624,46.596860816120284,-3.00684973911153,0.323037148174196,1.5235298176469396
49.178277339074896,46.56565502854929,-2.9408371357024468,0.36844794748807835,1.4249453887250074
49.004764501054275,46.52436153643001,-2.8707362780076178,0.41070335423409077,1.344019746216319
48.84163188166578,46.4721752087303,-2.789064855771243,0.4527290061927461,1.2721637327173114
48.68981557045222,46.40849315933658,-2.684739916998325,0.49400154983632727,1.2087003948979282
48.54886736836149,46.32827119244743,-2.5712451142734647,0.531059698116722,1.1568811450532617
48.41607338788941,46.23289877714489,-2.458029917243124,0.5624111181275879,1.1163898345884724
48.29214103581059,46.119149378845414,-2.342214877189849,0.5877733328870965,1.0856505947387098
48.17999486896325,45.9901256615697,-2.228472651716075,0.6077441329081056,1.0626117783840807
48.080683918401505,45.84537889440461,-2.117040503837668,0.6286831758094797,1.039483200648013
47.99632136352924,45.68800595266615,-2.001436003427406,0.6552467236577733,1.0115518646447832
47.93008453210005,45.517558105441196,-1.8872590569294019,0.6842920240566741,1.0
47.882240938064385,45.339635008913355,-1.779668889048187,0.7107659164480058,1.0
47.85371647024836,45.157270336861615,-1.6720728536229341,0.731542352352523,1.0
47.84503252764087,44.973497763064884,-1.5637196151200783,0.7444439267248798,1.0
47.85630601939364,44.79135096130213,-1.4539428304712807,0.7493350410158769,1.0
47.88724936482118,44.61386360535229,-1.342022942018513,0.747884763536698,1.0
47.937170493400814,44.44406936899433,-1.2265050244452596,0.7402494262039025,1.0
48.00644148295962,44.28145631977802,-1.1094556271605498,0.7275718658534004,1.0
48.09252459752154,44.13156091234996,-0.9884262672511035,0.7142302404653743,1.0
48.1935404759861,43.99735361895204,-0.8607773801927401,0.7017337231842159,1.0
48.3072052674157,43.88180491182612,-0.727483448153448,0.6837607151830468,1.0
48.43202091663275,43.78501165958215,-0.5996373280960619,0.6550399597354631,1.011763477435842
48.56737754029469,43.70394996948941,-0.46715395294247486,0.6151182774602195,1.0543500465599056
48.71715897654837,43.6411906894912,-0.32521571319833953,0.5613510680451358,1.1177125682075912
48.882722303638865,43.59761950651405,-0.20178033982144683,0.4927415447627525,1.21054401545871
49.0640325694819,43.570232769401784,-0.1077974099019201,0.4090745354189963,1.3469684820024506
49.26136957766601,43.5566434703221,-0.041742532987012027,0.309474786416411,1.5556741884177134
49.47087803443043,43.5532401384726,0.002917659245952109,0.19866108089549167,1.8797189843611277
49.68515703978526,43.55787994123786,0.02671538188924316,0.08122307960087595,2.4122169354999254
49.905420063242104,43.56485185732361,0.03217476820135978,-0.04003696102656231,2.6783062688862156
50.12426620481105,43.57201305411442,0.025202101978649694,-0.16129044296860248,2.021738638357661
50.33784017073138,43.57575206080791,0.0010629917906399555,-0.2784734389440145,1.6345029923053453
50.542286667242344,43.57245740660167,-0.04588595423465591,-0.3886510576022056,1.3850714953881642
50.73631638298788,43.557454755980494,-0.11795308013152273,-0.488971887196639,1.21609345901453
50.912591619515155,43.52857509739511,-0.21692141371419638,-0.5756459655651538,1.1001350649149138
51.07098292628839,43.48369789697056,-0.3424342546595547,-0.6454985673699974,1.02162587803019
51.213135608017005,43.42143774852434,-0.47622429005703637,-0.698771588235899,1.0
51.34253734789223,43.34362437629944,-0.6179825787953988,-0.7339826748483802,1.0
51.4547204341127,43.2497028866724,-0.7691605898349643,-0.7452677371587081,1.0
51.55072180782369,43.14209328748072,-0.9152157460178358,-0.7356815492281007,1.0
51.630717790376266,43.02085184907584,-1.0570835859833103,-0.7130199767316935,1.0
51.69508694804003,42.88623708672774,-1.1827391030979335,-0.6801978397543716,1.0
51.746388416085665,42.73789031195932,-1.2925993233387807,-0.6383845578204036,1.0291052671806662
51.7833080405447,42.57734322273411,-1.3929586980352475,-0.5873410025301369,1.0861603946656477
51.80608231334221,42.4057712359629,-1.4785878801628147,-0.5283869974485911,1.1604693126975438
51.81596198195926,42.22421566765627,-1.548431629361957,-0.46304751443507713,1.2556806241663943
51.81440003879554,42.033920078743385,-1.604067743697894,-0.3905407299933251,1.3814557678781423
51.80305172116933,41.83633027507204,-1.647054245813571,-0.3124724080767033,1.5484532513083953
51.78377451131751,41.63309430740857,-1.678655587476932,-0.23351635216376762,1.7641361115390692
51.758628136395544,41.426062471437945,-1.699704817175764,-0.15970301643566426,2.0282480195801593
51.729874568477484,41.21728730776375,-1.7105146554436148,-0.09602408854519873,2.3290618702357175
51.69997802455603,41.0090236019081,-1.7107728418568664,-0.04204297232813115,2.663993397872737
51.671604966542425,40.803728384311775,-1.6928098982710296,0.0028593700585151597,2.9744845438672494
51.650190083671205,40.602998065621286,-1.6673524456969817,0.03458509296794066,2.7179937956712696
51.63304782270769,40.40564646160277,-1.6500696472057932,0.053562999045339406,2.5846716970716987
51.618920544109514,40.20937244257189,-1.6349555982031205,0.06293244448899085,2.5235588233117
51.60788198663815,40.013944762785584,-1.625033005315446,0.06621990050179297,2.5027954107678307
51.59768217557419,39.818169662861926,-1.6198474299346257,0.06712548169274933,2.4971356915563665
51.58863711860296,39.62191624813185,-1.6130471131109143,0.0641831279707593,2.5156190934065967
51.58106282340976,39.4250536239263,-1.6137916163793564,0.057356615909820344,2.5595744194013808
51.57172969145074,39.22891953376314,-1.6089734821282153,0.04901139914901756,2.615440766000772
51.56602249368355,39.031283532481474,-1.5986521749828118,0.04004230676796708,2.678267922697609
51.560711631564345,38.83348336359915,-1.5958214021559565,0.0300800521155531,2.751687307182714
51.556113112778434,38.635388132447105,-1.600432993033741,0.01991281943865815,2.8308871650909855
51.54899733878198,38.43833558254322,-1.6061163724869907,0.011477619127965364,2.9001398965487883
51.54218309812792,38.24115813343942,-1.6039181549780235,0.004478173126401957,2.960230722985136
51.5359231969645,38.04375106940043,-1.6004288054157811,-0.001627810302235641,2.985420903291338
51.53047044143996,37.846009674691004,-1.6047319739866,-0.004026970637247326,2.964189883132203
51.5225320314734,37.64929787176285,-1.6104337074321453,-0.0018719657576842007,2.98324639470712
51.51486355408071,37.45247425910165,-1.608553890002561,0.0004595204421059168,2.9958700094662745
51.507654613873065,37.255460299906,-1.6057018755414996,0.0016224361460248917,2.985468802505954
51.501094815461656,37.05817745737445,-1.6018839097915905,0.0026612433368782304,2.9762385152470157
51.49537376345766,36.86054719470555,-1.6041060370160327,0.0033954664401393535,2.9697489513006587
51.487947466880556,36.663623267466,-1.6095153621365164,0.00447722052291108,2.9602390706406134
51.48012311659236,36.466864219472136,-1.6097268117808188,0.004648637517735068,2.9587377027298585
51.47261477398948,36.2699742768092,-1.6077734699029218,0.0061391687954816115,2.945746691496514
51.465548842146006,36.07290108160957,-1.6051734194041298,0.011465486284259268,2.900241947200034
51.4590517241361,35.87559227600562,-1.6017087505716496,0.015003755013203711,2.870782450260271
51.45333635529025,35.67795965929555,-1.5913687265089926,0.013048468485171782,2.8869876960914174
51.450891152197215,35.47897249557945,-1.582998778548978,0.007363776939736187,2.935158443810978
51.44847968120909,35.27997135956801,-1.58234985831161,0.0010771591086538791,2.9903367944517405
51.44629154693705,35.08087771445979,-1.5807451494867415,-0.004553515276639569,2.9595706495055474
51.444516353992256,34.881613023453355,-1.5781883572671642,-0.011412312238907082,2.9006892845306527
51.44334370698593,34.68209874974727,-1.583610159479317,-0.0201702858073176,2.8288253524276454
51.439417604300075,34.48372499472702,-1.5907403230319472,-0.029172755437188565,2.7585743549621657
51.43543043141352,34.28537653581216,-1.5907294938824919,-0.03884494423554575,2.6868843784547036
51.4315085914004,34.087001015135066,-1.590076590430618,-0.05001348059540683,2.608603915998344
51.427778487334834,33.88854607482809,-1.5887825979573478,-0.06097440312875012,2.5360902349329377
51.424366522290924,33.689959357023625,-1.5906228424931523,-0.06777312800355081,2.4931036928874426
51.41988681766185,33.49056209627166,-1.5930899488296175,-0.06312018876661676,2.5223637684013043
51.41546445807931,33.29071560215019,-1.5926667987504546,-0.04356939198629869,2.653204481745126
51.411132128452394,33.090328697456606,-1.610243012892699,-0.010453580903074754,2.9087785444688024
51.39961865105185,32.88922212239967,-1.6373302680214996,0.03443502486384978,2.719102874706363
51.384023904405,32.68349556603008,-1.6510536393357311,0.08859501239969335,2.370070676959793
51.36620572538031,32.47379387532257,-1.6532680742383272,0.1477115594240462,2.078808059405718
51.349013989869846,32.25995047026266,-1.6455052092313327,0.20682080673976552,1.8513234016213787
51.33418537652954,32.04598994283793,-1.6309094129069734,0.26435051945996674,1.6731253409749298
51.32345338208177,31.835254059559116,-1.6076979687077202,0.3200385212403869,1.5305220036642542
51.318818449165825,31.62974961513997,-1.573555563616412,0.371486364619049,1.418802571643734
51.322340465575174,31.431912935098573,-1.5260772032730578,0.41742922036795294,1.3319790592511098
51.33606140793883,31.244423121083607,-1.46142539789596,0.45950771484879954,1.26128686486762
51.36204824670465,31.070305632667036,-1.3696155797704943,0.497375031647597,1.2037918987645633
51.40388605486414,30.911850887493483,-1.2518012505890965,0.5289316230332155,1.1597363346573253
51.46183484088485,30.768173326383362,-1.1157984343563996,0.5495968339638941,1.1325924031581565
51.537417761809934,30.638910603428364,-0.9749074222396761,0.5510392866692442,1.1307450924895046
51.62861236845346,30.522231734533264,-0.8489233702144006,0.5287154586935916,1.160027146083822
51.73339621162946,30.41630573560282,-0.7393522160103192,0.47608172243653935,1.2354600929048114
51.852312824556655,30.318238757828954,-0.6506567970879829,0.390158206897426,1.3821861685916157
51.982874585527625,30.226392497883673,-0.5862470803128854,0.2839314792266301,1.6200502274748672
52.12102259647349,30.13977949641811,-0.5440032782447322,0.17024376501044744,1.985793244547675
52.26122627657879,30.058021885036574,-0.5186151519245605,0.053651939211665674,2.5840776663761
52.404252258514795,29.978133404111972,-0.508403409442856,-0.06470312979595418,2.5123326444471665
52.54728464144954,29.89861172798194,-0.5153673196649553,-0.18411626092237143,1.9325553852996866
52.68577008146626,29.818674203473677,-0.539892795124695,-0.301551366521122,1.5750891464690293
52.81808933433834,29.736322833529364,-0.5827991224127729,-0.41330647063683496,1.339333899267919
52.9418193051038,29.6498925869679,-0.6485689906358001,-0.5160157096814861,1.1773722572882819
53.052760072854,29.55845441801326,-0.7411479366171569,-0.6045151823665587,1.066270280604673
53.14929950126936,29.460007385416137,-0.8613114119582139,-0.6732236541797423,1.0
53.22940730125788,29.352723752476706,-1.0133577837185435,-0.7179646675755368,1.0
53.289236974919056,29.23552808081572,-1.1843712791704348,-0.737580295377856,1.0
53.32927312443893,29.107282038326645,-1.3566420866517603,-0.7365602548520042,1.0
53.34785920886231,28.965987288819417,-1.5259827276263547,-0.7190658274536734,1.0
53.3425656495709,28.810862515891777,-1.661561238300652,-0.6875080008707871,1.0
53.318430639513245,28.642649658105572,-1.7520206030546879,-0.6457651900365681,1.0213476745508296
53.279199141274155,28.465040826550496,-1.8220667011079854,-0.5959396488434804,1.076110055042716
53.22564084355588,28.281171669048337,-1.884497739148184,-0.5367884353890905,1.1492644316533684
53.15939440989055,28.095744538855207,-1.9419648650243637,-0.46846190341579136,1.24720122316328
53.08142165086895,27.910626472821363,-1.9887643056294202,-0.3946018303708954,1.3737487208494237
52.99547105743579,27.726662091192228,-2.020943516756832,-0.31755454281496664,1.5363629230853233
52.90509608155314,27.545741933519704,-2.0453641595896936,-0.2376938446656894,1.7512301314696994
52.8121110684932,27.36974016942652,-2.0631745454351993,-0.15811739010483272,2.0347919990920906
52.71913876431764,27.199095637893656,-2.0747400069712203,-0.08541219792846005,2.388085186214955
52.62654002063375,27.033215815636435,-2.080453033325499,-0.024935505285906826,2.7912000492534514
52.53471552390598,26.869125038113502,-2.0779337898251633,0.018472085519248907,2.84248037810649
52.44491538615719,26.706321473072023,-2.0740730548355533,0.04076125109238836,2.6731207604491662
52.35538596513818,26.54340577348953,-2.070440353636182,0.045337542151573665,2.6408157181865386
52.266840898385,26.380082341019925,-2.065169463583194,0.0383076630587616,2.6907688056700914
52.179130799493784,26.216413053537764,-2.062356679801125,0.027302636895553418,2.7728792537397884
52.09155579785818,26.052687806940085,-2.062270858485448,0.021271349290772876,2.8200417225173426
52.00387528819856,25.889006263196894,-2.059352578607645,0.020397641321360564,2.827007165477049
51.917306146288766,25.724864375858935,-2.0547639940608713,0.020012099703587305,2.8300917643260193
51.83120607506293,25.560528193081982,-2.0584479607191657,0.018172791760250724,2.8449006393096643
51.74336817898782,25.396911840926617,-2.064824715005477,0.014501660172495219,2.8749263836884293
51.655069834986264,25.233486212547156,-2.063745632402232,0.010709894320419114,2.9066114941998134
51.56760412892917,25.069715694238546,-2.060262204513357,0.008428605597633294,2.9260133621900843
51.4805067189683,24.90579262269192,-2.0630148135489765,0.006326138140043591,2.944125172373948
51.392092102124984,24.74241515610045,-2.067844237480715,0.0034383935274936526,2.9693704080249472
51.3033285683005,24.57918221565472,-2.0673783142173354,0.00029988478173226837,2.9973034629157143
51.215074764555084,24.415738138097097,-2.0682021769792165,-0.0014146230586039841,2.9873221954166524
51.12602686440161,24.252622986041512,-2.071114440554817,-0.00078525094336685,2.9929493510958083
51.03676745977843,24.089595442005784,-2.0687359506684055,0.001380028463079574,2.9876309527441065
50.948540895708696,23.92614008140506,-2.066528642348528,0.0030560491599126317,2.972745431464616
50.860043345705336,23.762796966853255,-2.067432216478906,0.0029527272518673213,2.9736587899593965
50.771504954610336,23.599470769235502,-2.063171210698208,0.0029428716155448526,2.9737459424226085
50.684477388367036,23.43551876747381,-2.059871375349653,0.0040134286745574215,2.964308873302923
50.597076528237125,23.271721389102694,-2.0581198549998563,0.005744523281881773,2.94917518348831
50.51065245593115,23.107519411967356,-2.057245535446116,0.00546705951889158,2.951590438196958
50.42355277109703,22.943597282704076,-2.0586171705506846,0.0013457416231838814,2.9879370263286518
50.336656191822904,22.77959102436326,-2.0546844683242664,-0.0032401013146022895,2.971119812370294
50.25091093698213,22.61510787182745,-2.0528700347107467,-0.006435429177758499,2.9431781562537105
50.164638921149866,22.45084291083845,-2.0572785668454134,-0.010039596880260168,2.91228548324399
50.07737580247784,22.286988478087387,-2.0592632935291073,-0.01572133749435434,2.864880729510863
49.9904200349775,22.123006736312597,-2.0581066050656016,-0.021170174647691973,2.8208465571898507
49.903555434594985,21.958987231881164,-2.05400114086814,-0.02407816795503042,2.7978954129771787
49.81801343960744,21.79441988635746,-2.0524172935288343,-0.02709756645105553,2.7744569086562882
49.73169397444643,21.630174579523956,-2.056718879679062,-0.030592161638817065,2.747815181446756
49.644671074713386,21.466220644830422,-2.0671107976293426,-0.03184705357911007,2.7383726942590774
49.55476896298044,21.3034593187962,-2.068313948853218,-0.03172123541377583,2.7393164902224467
49.46733078759751,21.139677396908976,-2.0647626319729255,-0.029320782704303286,2.7574483668516225
49.37865413837776,20.976408467681605,-2.0698566040423803,-0.019783630240491283,2.831922856039552
49.2894578887776,20.81335476397881,-2.075176045213249,-0.0007565462508364643,2.9932065025276002
49.19798826432761,20.64911699354551,-2.0823440835249567,0.02754270526152342,2.7710346297684394
49.10368287068494,20.482436524042356,-2.0794308207408054,0.06408886307055685,2.516215775184648
49.00865296107712,20.309543113188777,-2.0662261592884965,0.11014489968998967,2.2549021023708486
48.91342896286546,20.130364254706834,-2.0484108950866773,0.16570294819947015,2.003862318243621
48.82247137014111,19.94982935927645,-2.024210489918741,0.22808628880679624,1.7811988761418842
48.73641131215173,19.767081868662576,-1.9915374922119344,0.2952716457486104,1.590824179376476
48.65875150580881,19.58394369265186,-1.9406423239310744,0.3653255575159911,1.4313136397424935
48.59388757554697,19.39945513969244,-1.8832899538089851,0.4375352403912639,1.297237991125142
48.541018239753114,19.219533777624964,-1.8223942997192593,0.5108434834241792,1.1845859542092203
48.502727729676316,19.044809358602233,-1.7405864850951396,0.5854363694628545,1.0884120329137927
48.48204356018962,18.875539361884783,-1.6403607578949844,0.6624853712657948,1.0041988520416023
48.47951150717458,18.71161090279206,-1.528437549493904,0.7398382739112027,1.0
48.49558997582368,18.555928797802004,-1.393484933418307,0.8130539309171502,1.0
48.533966790913595,18.40771951834074,-1.2393980412010848,0.8775561945776544,1.0
48.59410064326103,18.269633778682717,-1.0809224888597662,0.9305966067452804,1.0
48.67440101238797,18.14435240081324,-0.9223400314628094,0.9714131363872649,1.0
48.77220590875821,18.034595533896002,-0.7621845777831044,1.000546723996564,1.0
48.88628180725615,17.942087147921125,-0.6001449663715164,1.0183757492842616,1.0
49.015477797395846,17.868112502941464,-0.4413992996190359,1.0248164758227587,1.0
49.156010004179926,17.814642978782587,-0.2871490877560898,1.0194516339878392,1.0
49.30716057064184,17.78197547918199,-0.1386701415727103,0.9995923927845142,1.0
49.46432351435621,17.771612932337266,0.009815948849160705,0.9614196998251134,1.0
49.62189996508017,17.785065044208718,0.1606055169432139,0.9025289671283597,1.0
49.77969221009578,17.822702915911965,0.31270531576207183,0.8242448491780499,1.0
49.93400432660187,17.88597244382632,0.4663795353179001,0.7284736922059523,1.0
50.08383443277602,17.97581406817494,0.6023774315965404,0.6163465125652925,1.0529864399236135
50.22768499472801,18.087916866698063,0.7039295859537464,0.4915604393273022,1.2122773054457328
50.36735786917666,18.216533447528324,0.7849381669168807,0.3618178823741498,1.4385359291679585
50.4983964714308,18.35837940524091,0.8519920011599798,0.23438650606122505,1.7614321899802627
50.62244435277288,18.50807596079227,0.8985999519138979,0.11186011192013252,2.2462145628192287
50.737357278125025,18.658643521678204,0.9292420802348449,-0.003978575443731779,2.9646151647166303
50.845044329913485,18.806082874534045,0.9370535085392433,-0.11053434674585168,2.252923663695456
50.94770985147711,18.944890864029198,0.9248264338728944,-0.20545902701669894,1.8560025597808016
51.048605505815516,19.076106384634844,0.8927362835784827,-0.28833953278973623,1.6085630473729489
51.15147553387786,19.19787205416437,0.8301278018494429,-0.35958180841260523,1.4431781610087198
51.25693628801858,19.303960585602248,0.7402710243571207,-0.418575370035825,1.3299486965893494
51.367630803371284,19.395348621074504,0.634475989872076,-0.4607401256779022,1.2593293336427338
51.485100727310225,19.471887943815243,0.5307099114037541,-0.4790503795943686,1.2309454068154058
51.609029811938875,19.537018706520684,0.4293096311278273,-0.47057925962253144,1.2439163271757587
51.74011778699428,19.588631109909844,0.32038102443542016,-0.43614677646501104,1.299578750985607
51.88029505218714,19.62702785706204,0.22465500985002507,-0.38162741337158085,1.3986781856329382
52.0278214598357,19.654374948487224,0.15265763627367157,-0.316876721062887,1.5379645289068802
52.18392428024308,19.67374262821622,0.1010728268367842,-0.24614667081547342,1.7256850846284013
52.34689506220797,19.68673488788839,0.06933727752388741,-0.16876000309142955,1.9916615646020366
52.516263276091905,19.69682310895014,0.059821832792017915,-0.08637543539417943,2.382604497475318
52.68860050330232,19.707200752876815,0.06774256699960901,-0.000984870925853587,2.9911622737262906
52.86231300651792,19.720301331278563,0.09012023738872976,0.08518723718223893,2.3893688158938224
53.03577193143651,19.738572901695274,0.12735536100882072,0.16919589511376545,1.9899340046153553
53.20731330677501,19.764478067596617,0.18042364885922346,0.24786477631603554,1.7205837104378923
53.375238044269416,19.800493978382,0.25069326799910563,0.31492719391227697,1.54258968110999
53.53781193867485,19.849112329380617,0.3435942210841034,0.3644794994683708,1.4330490254600514
53.69139979805929,19.913612230389333,0.45522213598631467,0.3949196783561426,1.3731491445261552
53.83676209626229,19.995452046826777,0.571391848199486,0.40906666676096665,1.3469827584495955
53.97500055512561,20.095948794560943,0.6781039237864839,0.4105448118478423,1.3443061964892709
54.108062129974684,20.213992414245308,0.7678679238670512,0.39776525990392075,1.3678045741711375
54.235933733401055,20.347890236789652,0.837737772862047,0.3720452105952401,1.4176785055447616
54.35890673296231,20.492572214627057,0.8906031607921729,0.33962526385326597,1.4859755179302927
54.477490541653324,20.646484190795277,0.9343634970152905,0.3032565717236589,1.5708700248874865
54.59187322517519,20.807811889281865,0.9698197296760114,0.263793961584196,1.6746847925250383
54.70222992022336,20.974297400112665,0.9965147109367312,0.22199679012617865,1.8007306964915761
54.808401637332814,21.1424637408244,1.015256708772558,0.17888041578995195,1.9523099520690705
54.91141433574009,21.311282227598955,1.0261099933593805,0.1355603245735753,2.13267973054678
55.01191307577402,21.478392184728335,1.0287285077890829,0.09310212911390031,2.3450207312993774
55.11174503972921,21.643922695077123,1.0221989451561289,0.05326553221866791,2.5866604615410864
55.21201282337598,21.805792830043565,1.012544208080902,0.01825236021539338,2.844256800970796
55.31245431069828,21.96530574720001,1.0073450079441866,-0.008706348614466088,2.9236373812106855
55.412865306716625,22.123714150837813,1.006308727351433,-0.024679368986928383,2.793196983009407
55.51311179695251,22.282190695001802,1.0085591485069791,-0.029217896186506727,2.758230888706106
55.61273163025062,22.44092680896837,1.0142202003826508,-0.026394720944046175,2.779877710702315
55.710990584241515,22.60022661760073,1.0158664670804711,-0.02190597634741784,2.8150037812501285
55.81003313434453,22.75920185009604,1.0169825512512816,-0.017802291573669624,2.847902431616976
55.90790089711376,22.918663695437907,1.0172106618434764,-0.014236610487878843,2.877118743369806
56.006863511191995,23.077672038518795,1.016569833514417,-0.010742832643475215,2.9063332450275037
56.10495585233889,23.23704086045082,1.014638285419096,-0.006851069140112536,2.9395821581739274
56.20459566229161,23.395768699816113,1.0111165569641667,-0.002874550277773555,2.9743502420565022
56.303923827255964,23.55462562676224,1.013019587416645,0.0009654830902176173,2.9913357477551368
56.402895656996506,23.71363015259082,1.0151787166625201,0.004278625343713326,2.961980386946487
56.5014664612778,23.87280078860347,1.0175944720959773,0.006492463366724709,2.9426841920498297
56.59959154986442,24.03215604610183,1.0202674302960002,0.0067779646814019896,2.9402140000555788
56.697226232520904,24.19171443638751,1.023319860538468,0.005123517624061764,2.9545863739241605
56.794283273903154,24.351512093523166,1.0264657586998531,0.002971767753286296,2.9734904310667516
56.890818268674764,24.51152598944514,1.0297518645655188,0.001442372735613436,2.9870745752203742
56.986727738900846,24.67179898611747,1.0331773236471413,0.0007124154744733665,2.993601934971339
57.082067696542396,24.832307882626257,1.0282024747463314,0.0011263247135729097,2.989897214628364
57.17971313854312,24.99186181624564,1.0234316696134957,0.0017277532002246093,2.984530404129294
57.27672031795318,25.151680126886426,1.0238968978491574,0.0016359569467695792,2.985348296149164
57.37420307180601,25.31130144814309,1.0229264594176293,0.001414832450959098,2.9873203267807824
57.471549635752,25.470979181106234,1.0221857423648757,0.0010681999078808052,2.990416910794093
57.569291504629234,25.630493173405583,1.0213308703675565,0.00035553846835603524,2.9968035631535774
57.66693719191076,25.790047005426327,1.0216063447457806,-0.0009105081328317294,2.9918277495061294
57.764582662329275,25.949600927274666,1.0217683537844113,-0.0018687392908641443,2.983275109760799
57.86217166069666,26.10917824061248,1.0220911569899727,-0.0020852823914428308,2.9813491354353996
57.959704187012896,26.268778945439777,1.0224139929775156,-0.0020952315117913328,2.9812607058725717
58.05718024127799,26.428403041756553,1.022736861684681,-0.0018659236624972448,2.983300168867733
58.154599823491935,26.588050529562803,1.0230597630491474,-0.0013262899110773351,2.9881106967889997
58.25196293365474,26.747721408858542,1.023382697008481,-0.0004799021123535164,2.995687090312227
58.3492695717664,26.907415679643748,1.0237056635002961,0.0006341153810493492,2.9943037977189957
58.44651973782691,27.067133341918442,1.024028662462122,0.002476450709766218,2.9778763083080833
58.54371343183628,27.226874395682614,1.0243516938314219,0.003383606780482763,2.969853550171794
58.6408506537945,27.386638840936264,1.0233710798514508,0.002457860752096032,2.9780411684815884
58.738387242940256,27.546237862884475,1.0233106726043708,0.0019195629107676727,2.9828228516537254
58.8355455911605,27.705993557353864,1.0243552573838457,0.0018212938242570644,2.9836974308870214
58.93271691301694,27.865743877967205,1.0245802458562938,0.0014343840162484034,2.9871458571847542
59.02979660344424,28.02553215356123,1.024977543056659,0.0009366578582080455,2.991593700754867
59.126829040348895,28.185340002205194,1.0252479197549391,0.0004664775801995125,2.995807568803683
59.223814223730926,28.345167423899106,1.0255183189784312,0.00019198923593473236,2.9982730915201063
59.32075215359032,28.50501441864297,1.0257887406904107,-8.344345734147932e-05,2.999249196832763
59.41764282992708,28.66488098643677,1.0260591848541232,-0.0003103199855298233,2.9972097177712542
59.51448625274121,28.824767127280523,1.0263296514328175,-0.0005133582008634183,2.9953868807400403
59.611282422032694,28.98467284117422,1.0266001403896752,-0.0006832682807306061,2.993863164787958
59.70803133780154,29.14459812811786,1.026702378678639,-0.0007328527112162697,2.9934187947613604
59.80479178774718,29.304518637449043,1.0269234039113115,-0.0007910344427404712,2.992897544875231
59.901463486970606,29.464475908533043,1.0273097396932904,-0.0008276858864729776,2.9925692779330864
59.998088980580455,29.624452318608835,1.0240265638031687,-0.000890461849181525,2.992007195220538
60.09590808084882,29.783934320618542,1.023248065746884,-0.001080265080074209,2.99030902075873
60.19280581389981,29.9437979654256,1.023534518018133,-0.0019240996180447047,2.982782488062028
60.29052473462185,30.103321463162068,1.0229615092310542,-0.002020343388087315,2.981926453815812
60.38762287218677,30.263102097701502,1.022757795526207,-0.00107999150931052,2.990311467016286
60.485413048537595,30.42259608039012,1.0226860085008216,-0.0007472317876316431,2.9932899557863135
60.58253629708004,30.582366313622103,1.0228852453872364,-0.0001765642535964223,2.9984117629952762
60.680256782102816,30.741889163403982,1.0233555568580464,0.0008925335720435126,2.991988649050648
60.77721553701161,30.90172753212994,1.0231297674007305,0.0018153725124941443,2.9837501460023903
60.875014989934954,31.06121767233642,1.0238578164156866,0.002601389759865959,2.976768792437593
60.97171913596359,31.221161503513642,1.0237115764990463,0.0032600183419564687,2.9709440041605335
61.06956972638757,31.380630461873796,1.024615701261876,0.0038006870736429655,2.9661794404279793
61.165957753249984,31.540705233897,1.0246252562994442,0.0042072848770880016,2.9626064125313785
61.26380500331335,31.700175575879832,1.024944013791428,0.004490407790697102,2.9601235149215124
61.36008160089789,31.86029650342117,1.0253268118706647,0.004723436375250442,2.9580830487791547
61.457795049258486,32.01982226788396,1.0258855387364925,0.004369924098484155,2.9611796095923077
61.55387637999704,32.18002407760119,1.0270265909902694,0.0027978242033586467,2.975029174112907
61.65119115115794,32.339714979567106,1.0277248333461895,-0.00014123806232769934,2.998729395812071
61.74702858833655,32.50001781330463,1.0345687710685407,-0.0030988013231446317,2.972367669399577
61.84195548866538,32.66069780375439,1.033349535011924,-0.0040207092924795865,2.9642448989685954
61.938217968743594,32.82082457895831,1.0331836790498627,-0.003288036056397525,2.9706967261553374
62.03320270044797,32.981480614867976,1.0361203085922526,-0.0018655991963132358,2.98330305664549
62.1284416347473,33.14203135661523,1.034661344623684,0.0010579834051028594,2.9905082756147308
62.22393477164157,33.30247680420006,1.0332029952464161,0.005680172281415033,2.9497349911964577
62.3196821111308,33.46281695762247,1.0317452662714857,0.01138642858131051,2.9009070859349526
62.415683653214984,33.623051816882466,1.030288163494447,0.016856569508334456,2.855593470529424
62.51193939789411,33.78318138198005,1.0288316926950731,0.021478757809238695,2.81839324240553
62.60844934516818,33.943205652915196,1.0273758596374964,0.02617241097704124,2.781596722239473
62.70521349503721,34.10312462968793,1.0259206700700467,0.03254207875393395,2.733170819802134
62.8022318475012,34.26293831229826,1.0245511274694898,0.04108017311820263,2.670843820452401
62.899474687036204,34.422659009319176,1.0230668607570745,0.04956785457793295,2.611639847489166
62.997012057377205,34.58225770768573,1.0215004549889226,0.055926536422943686,2.568977892907684
63.0948028984037,34.74175141505666,1.0274068440861512,0.05500060304103482,2.575103297271355
63.19064757146507,34.90282168177715,1.0433191091024092,0.042632432439396684,2.6598166403387284
63.28437475329139,35.067178135636624,1.0573984068495612,0.014967728298155104,2.871079391248098
63.3770576038597,35.23343657562082,1.064116473889122,-0.027672242658937335,2.770040316555694
63.469345674306496,35.400454379705096,1.069411582344621,-0.07913196274514642,2.424446394660389
63.56323942603595,35.573121281731254,1.0727180805541927,-0.13739479663379095,2.1243684758542902
63.65775830292738,35.746922253841895,1.0654532554471903,-0.20027778437968147,1.874023922675871
63.75650023040656,35.92243373781376,1.0479167875699673,-0.2636641913249903,1.6750488213034462
63.859822178917746,36.097489205382814,1.0187189869240356,-0.32469885150951094,1.519682506470146
63.96918072000751,36.267712730663135,0.9852194052696408,-0.38180966956922235,1.3983217285791698
64.0791796840349,36.428261079100594,0.9435219570325444,-0.43421352320478,1.302852055847543
64.19308034069677,36.57656177487686,0.8878703287549925,-0.4804291747813732,1.2288597594853088
64.30628010261023,36.707421488009956,0.8062899242898709,-0.5190967456606522,1.1731167454580818
64.42368185026642,36.81700568471657,0.7028783658529818,-0.549669523029303,1.13249916780486
64.54259195554447,36.90762979894376,0.5808245619565486,-0.5709036809977556,1.1059047397432098
64.66727068886247,36.976884631309765,0.4418695201573897,-0.5785161292131701,1.0966722480784497
64.79511356361866,37.02708928997299,0.3066506097613484,-0.5643873949500223,1.1139321712134522
64.92845618355808,37.05958598300794,0.18062611225094471,-0.5270035081607976,1.1623354385978855
65.06711359188603,37.07676096884952,0.08006849439203023,-0.4733598692192249,1.2396286430030348
65.20837512087286,37.082046689656465,0.0002614732017995891,-0.4055425280435292,1.3534073208678712
65.35445385985946,37.076836100631105,-0.06288345808877338,-0.32389433608922846,1.5215427568327988
65.50561061872841,37.06333081760493,-0.10398856220149355,-0.23425992526540929,1.7618250126309998
65.65889334625388,37.04506326705456,-0.12518454036627702,-0.14154453832140093,2.105804586167498
65.81381242318253,37.024545902737145,-0.13032279673929636,-0.047905704667840686,2.6230262389784977
65.96983354002572,37.00430968971148,-0.12152240564601158,0.045603433854823905,2.638962715126189
66.12819212061808,36.986152545492025,-0.09669219687888031,0.13808195829733727,2.121271875888676
66.2858020430274,36.97366243046029,-0.053304075571499965,0.22664229620762588,1.7857920010193147
66.44203961729414,36.969407332278294,0.004995207064990126,0.3051624088229851,1.5661811567024937
66.598050886782,36.975222191063764,0.08180852645743997,0.3680615440306947,1.4257304013370975
66.75070140920849,36.99471498214266,0.1781283921983885,0.41249951309802846,1.3407829982076673
66.9010224939669,37.029768169999315,0.29382166814250077,0.4340251267730722,1.3031719228863854
67.0458236639427,37.08401294034708,0.4168459766427368,0.434809183453584,1.3018417522088546
67.18876413631438,37.15717868269133,0.5205629110353662,0.4221493396786262,1.3236570946269335
67.33163933717844,37.247873786724384,0.6066233863890051,0.40516805222462016,1.354093600304458
67.4761468448813,37.35659487454552,0.6880587276655845,0.3922154943704449,1.3782669915749248
67.62039968219085,37.485257225326905,0.7477677261815039,0.38268547886870397,1.3966113500909423
67.76587522202179,37.62529925813316,0.7860197491374521,0.3748311806881667,1.4121012564174316
67.91300267131423,37.778224196434216,0.8182754878988643,0.3690807796264134,1.423661600115525
68.05907976490764,37.93844620148132,0.8453607765048261,0.36304507548055526,1.4360008686990409
68.20072538265345,38.10269998912931,0.8703711478181688,0.35330645038418806,1.4563676962991017
68.33726810587298,38.268438180494684,0.8946320874648528,0.3401268743299298,1.4848687251615764
68.46673887690908,38.43424837523496,0.9180570987089176,0.3279370010819359,1.5122408309519186
68.58823014068092,38.59669236034642,0.9427211610177224,0.318384510759106,1.534406352479986
68.7018007717951,38.75794895112504,0.9794955400260061,0.3141676151383443,1.5443992821328525
68.80477020706888,38.919192764606386,1.0256687364496848,0.328192323147324,1.5116571673425936
68.89667365076853,39.07929801107042,1.0854552368737558,0.37707752788867493,1.4076361364744017
68.97355533097912,39.239213974550566,1.1706773610594219,0.4571846242550535,1.2649934013525446
69.03283887235881,39.40125225538708,1.2706091343589634,0.5120614455422949,1.1828793186184519
69.07467067590974,39.56587579097559,1.3816617309054937,0.48594419288278023,1.2205876128673576
69.09732463936928,39.73812875688125,1.488123243721784,0.38675314378083303,1.3887220935013542
69.10376165948053,39.916953492198544,1.5681733996547411,0.2439179626641848,1.7323477780538399
69.09827760892722,40.10145084766911,1.631092863514997,0.07837379941964479,2.428911040023186
69.0813138031652,40.2887931796631,1.6744349331800361,-0.09377010667756563,2.3413531859506485
69.05908347227069,40.47827672242128,1.6934408509663577,-0.26227166225659576,1.678965098352692
69.03468347655749,40.66709211035485,1.6990325472398702,-0.42363072468824703,1.3210666865922593
69.0108989027903,40.85196330745123,1.701123736313999,-0.5764997744411003,1.099102672188008
68.9872376453783,41.02907966543152,1.6942628087446927,-0.7209810361687919,1.0
68.96831131047975,41.19514122945337,1.6635786175974943,-0.8585494725508694,1.0
68.95745262158877,41.34917853111811,1.6199085643274902,-0.9899022562704267,1.0
68.95392753586488,41.487781289552,1.5432407158730186,-1.1129336928014089,1.0
68.9645056203532,41.60506883064959,1.392892401848286,-1.2140420872628879,1.0
68.99219257422708,41.700595539280584,1.1408337367282009,-1.263545036747393,1.0
69.0429234704517,41.77607187828293,0.8158585891010173,-1.2433790375229719,1.0
69.11602498322449,41.83221141932181,0.5220598855851595,-1.1589123335562421,1.0
69.20938713433482,41.871838463338946,0.3160183536070207,-1.0274917289863705,1.0
69.32039220172408,41.89903465592442,0.1840076384166789,-0.8704168345948354,1.0
69.4502575971652,41.91666756751781,0.10596197282055186,-0.6998878369260897,1.0
69.59203536894044,41.927926715620956,0.06736785023181469,-0.5203915045328457,1.1713375968999857
69.74528989039382,41.93657338167321,0.051068933411670514,-0.3358326650168839,1.4943975074427442
69.90349611258817,41.94384652581805,0.048846497013647294,-0.1470057756148953,2.0818625453789164
70.06280959910686,41.952095454260416,0.06425510466840656,0.04746624579267709,2.62605332257757
70.21474657702036,41.96387352652687,0.09872551811160868,0.24590722613242938,1.7263984430273778
70.3607890227743,41.98160957832564,0.16252694854254912,0.4423170887142454,1.2892405800027522
70.49183521912758,42.00930866077449,0.2669396316798114,0.6323349823174023,1.035552253079909
70.60729066020376,42.04901942873673,0.4246401204048027,0.80492492513753,1.0
70.70534962239616,42.10584911894357,0.6390505098392225,0.9305823091859631,1.0
70.78489566209078,42.180992204963815,0.874802512909195,0.9742001685728452,1.0
70.84811848920965,42.27673504273578,1.0801736615537294,0.9141112096229689,1.0
70.89816694472822,42.393035969214495,1.232395066287916,0.7801765819337082,1.0
70.9373350766008,42.530235112574154,1.3232495497389358,0.6325892620087294,1.03527964334023
70.97138016836769,42.68272501898228,1.3670871767366002,0.4958179842991483,1.2060524764711844
71.00305528291223,42.84837795698374,1.3834420111639858,0.3664350366785913,1.429044299305725
71.03530636249468,43.019928174931025,1.381147624738837,0.2407916824727558,1.7417809230903643
71.07014931059186,43.19790689958066,1.3641778358387686,0.11775449814662424,2.2168631699044874
71.10954558423131,43.37410629581223,1.3302813981508628,-0.004862988861331449,2.95686243277478
71.15518119197577,43.54460428885863,1.2746946658167904,-0.12603802056143398,2.1768880264768966
71.21061656622336,43.705410521306575,1.195347476174625,-0.24420727704614856,1.731479972192665
71.27808542777636,43.856429165136376,1.0961736784813496,-0.353471521676155,1.4560176631048787
71.35987719826774,43.99591668905485,0.9765580679057919,-0.4404539800265569,1.2923447861375026
71.4567238723,44.12080006890506,0.836593715623998,-0.4917154076326953,1.2120496042805002
71.5725717374487,44.23158551349146,0.7053991238109383,-0.4942701163690333,1.2083081581639525
71.7058627641391,44.332956824939224,0.620905570623,-0.4453102973522818,1.2842845694627656
71.84966510014,44.429784022865036,0.5656584684960215,-0.36531455348684955,1.4313361835979885
72.00232001454101,44.521165764460044,0.5272531053276985,-0.2773146787530825,1.637604610523951
72.1602175839576,44.6105979372237,0.5112056865040309,-0.18969984976230436,1.9119245820721626
72.32128871862332,44.700088933411806,0.509913597332007,-0.09992148339061795,2.30811051925858
72.48536039848103,44.7924325230689,0.5261394358713147,0.0006133936129425303,2.9944895976203907
72.65002397311284,44.890999565515585,0.5715265507187688,0.11777505435552121,2.2167621513828633
72.81275316358574,45.002986793015694,0.6328722140987217,0.24877414734132208,1.7178958065287397
72.9664324114942,45.12309245781782,0.7059526280002082,0.3896737079349581,1.3831123943769765
73.1073899328597,45.254169204665516,0.7917659385293749,0.5320529145962439,1.1555533756082719
73.2320955301837,45.39216067141132,0.8877367435534449,0.666383521021986,1.0002832258388434
73.33823535421553,45.53785569127323,1.008242456890125,0.7862007658818183,1.0
73.42035647022419,45.69074444824922,1.1366448806204517,0.8850894357635488,1.0
73.48161352846942,45.84709012326924,1.257963670731911,0.9581478927486691,1.0
73.52145391477146,46.00330063715466,1.3858176462462417,1.0066312649636793,1.0
73.53948574134563,46.15637240773458,1.520697179559905,1.0395737412856394,1.0
73.53641265513669,46.30163352288719,1.6682122519638831,1.0616622144325742,1.0
73.51199664957429,46.437661948028605,1.8325072264213844,1.0702444816302836,1.0
73.46637802899154,46.56309885011203,2.0134653321209335,1.0638266024028122,1.0
73.39943690827954,46.675107121434536,2.203287375322388,1.0433068392750207,1.0
73.31298172532925,46.77238874237844,2.3974516203362946,1.008253463865462,1.0
73.2084530484047,46.85094824260949,2.573756729818516,0.9560883289279049,1.0
73.08766930137386,46.91611995585353,2.7306273415658424,0.8875389308974657,1.0
72.95218708635079,46.96262365704893,2.866879867421112,0.807288835532179,1.0
72.80452923060218,46.99591974631033,2.971632704912505,0.71869654298792,1.0
72.64608804650649,47.015155024669,3.0588667723591243,0.6226089026719966,1.0460883119661892
72.47703948865124,47.02307359518788,3.1258093709785584,0.5218186984562851,1.1693827095367488
72.29899676099599,47.02063371946389,-3.106013632511903,0.41975993733167977,1.3278567727964927
72.11315160239755,47.01012135468144,-3.0657718556504534,0.31663201905057287,1.5385435490249697
71.9206802339658,46.99189436518928,-3.0438996418145017,0.21392313825858092,1.8272968012440314
71.72275170136166,46.97186021455776,-3.0362584831166313,0.11450912559309179,2.232928075638955
71.51950298330553,46.9494797085199,-3.0357773780604216,0.022786578822985203,2.808042925611671
71.31770217148464,46.928839099652734,-3.051711147183534,-0.0553520058370201,2.5727751968584514
71.11680257722114,46.91318660318864,-3.081642756697878,-0.11467333995082052,2.232109608255182
70.91902573916039,46.9049098145658,-3.1194029435441966,-0.1523302781023649,2.059038347641163
70.72593109328248,46.90451185448128,3.1078367693008744,-0.16915343044320771,1.9901021720140397
70.53559994457154,46.917857609525235,3.046913959096784,-0.17006894228186087,1.9864828755053348
70.34663556074193,46.940530749823296,3.015624921216107,-0.16141624489361403,2.0212245629066277
70.15873091291763,46.965583651159484,2.9973967802037667,-0.14522490361759532,2.0896098380238306
69.97016593093282,46.995195514577645,2.978419220963545,-0.12564580382745974,2.178748267701049
69.78119538280758,47.0277400510756,2.959731676906701,-0.10307743413013651,2.291419173299169
69.59066934486674,47.06498219739259,2.9483170534448977,-0.07529949192752687,2.447184705148508
69.40006954476415,47.102333521937986,2.95162890854518,-0.043568361477791744,2.653211736023435
69.20961583890482,47.13825201980396,2.9618815761267108,-0.008946575604480173,2.921585444799458
69.01940660578045,47.17148895970879,2.970358188505916,0.028959808677036486,2.760195775307768
68.82812045857892,47.2042232270223,2.983527492803919,0.0715710377890333,2.46971895420163
68.6353911073847,47.232699052115905,3.0066498508630275,0.11735715852208158,2.2188176100258357
68.44141567885323,47.25672532137923,3.0351397273613934,0.1637078989486085,2.0119055222218662
68.2471519905859,47.27418507033253,3.0731366132327302,0.21056121019461438,1.8385917121240904
68.05286849901782,47.2833653495709,3.1124422369465314,0.2573095749208618,1.6930703577831323
67.85794853800014,47.285533727811604,-3.1284097153681767,0.29944280892853015,1.5803377106246324
67.66474360444835,47.27824842663698,-3.0797435502395487,0.3347419249083257,1.4968373512767863
67.4765730838717,47.26191587503588,-3.022313449535787,0.36952313098328915,1.4227656011847114
67.29119386968807,47.23347919141877,-2.9579939946261593,0.4055915625031285,1.3533175098505803
67.11301147133898,47.19440619106658,-2.8869946817792833,0.43731669017753333,1.29760587749583
66.93967148486544,47.14199708314001,-2.8041332871415765,0.46128799073465365,1.258461067821081
66.77589202794638,47.076117418661475,-2.7176049406199354,0.47828376833867176,1.2321080937549358
66.61934174610718,46.99741174684229,-2.6324006937215128,0.4909806946767233,1.213129906831817
66.4713864933452,46.90611248624146,-2.539588006346186,0.4986393200946607,1.2019625836013714
66.33409543678543,46.80142363936639,-2.436046782058799,0.4980068784210364,1.202876976069411
66.21137528144963,46.684631462216444,-2.3358742240764716,0.4879004097387247,1.2176801165758435
66.09774296588922,46.55526506591833,-2.2459770978930234,0.4690803849991728,1.246239909853607
65.99662874358887,46.416440189466236,-2.1502837613101597,0.4434325364318916,1.2873892107312166
65.90820993169906,46.2656523282703,-2.058170283169215,0.41208911135967907,1.341521183215553
65.83111566347442,46.10416296422142,-1.9781896464412494,0.37294205443612083,1.4158783065599685
65.76468383820762,45.93305847103544,-1.9103584808837493,0.3250684128161327,1.5188295077409875
65.70842886023287,45.75684866641255,-1.847887084607482,0.27164599675134943,1.6529490352340197
65.66204291762277,45.57216416600782,-1.7983231227772727,0.21518173425737663,1.8231039748687055
65.6219270958769,45.38324915416391,-1.769220358409049,0.15554280506411716,2.0455078934268047
65.5856846261714,45.19240410431717,-1.7546585459554205,0.09380504407279819,2.341161677095525
65.5509858308802,45.001767517424156,-1.7500198230153217,0.034064658187249165,2.7218439487412867
65.5165686074167,44.810900540302534,-1.7515130807336448,-0.022400701998458762,2.81108890541582
65.4811334137962,44.61945470647249,-1.7662530339439488,-0.07775715175367642,2.4325544771203935
65.4414846951563,44.431658929457996,-1.7972264566590432,-0.12953258557027447,2.160452863690426
65.39570730536195,44.24865094266808,-1.8360860993054828,-0.1713788606158151,1.9813272038772132
65.34295153971735,44.06899627633928,-1.882289034040875,-0.2037345341019666,1.8619620733881814
65.28139381352798,43.893611615009,-1.9304612179300147,-0.23169219680703657,1.7698315326593632
65.21218799534307,43.72123967962861,-1.9776234719159937,-0.25339016590042696,1.7043803449256147
65.1343310108619,43.552291045184205,-2.035448067762875,-0.26635844108878787,1.6675232888822367
65.04589758120795,43.38949206592698,-2.097112277248957,-0.2723092685713243,1.6511388017539483
64.94760609879324,43.23089396587193,-2.151482252886254,-0.2729367193101815,1.6494299786699136
64.84127346755366,43.077636013793246,-2.2001671513422103,-0.26814765894209724,1.6625629285756038
64.72714484653933,42.928125591426415,-2.252269337109496,-0.25776141649320267,1.6917761497517314
64.60348695712516,42.78447074289706,-2.3031718497043805,-0.24409549576460074,1.7318151599084712
64.47307248614553,42.64557327943212,-2.3438567697971866,-0.22795529811298376,1.7816145633009177
64.33557699512427,42.50986705958838,-2.3786602392695606,-0.20883794638696346,1.8444355822681986
64.19334518204307,42.37814040700397,-2.415144975290506,-0.18561638811340528,1.9269689503102143
64.04427928249731,42.25103725034116,-2.4452244371035015,-0.1593162061519675,2.029840525264181
63.892490010141486,42.12659571803047,-2.4599078869674287,-0.13361725639700095,2.1415542072181637
63.73966510497881,42.00385756705009,-2.4709553247957317,-0.10733805565805327,2.269264637962566
63.58519094453644,41.88281780992771,-2.49211494296644,-0.07800095186877529,2.4311126885731182
63.42499584460356,41.7649038352624,-2.5084831314356677,-0.04702782315944212,2.6290802384259604
63.26462615299732,41.64755911234393,-2.5141034236313935,-0.01445170278854495,2.8753393508556777
63.10265309531339,41.53111630068543,-2.5142469983798055,0.020351970354857918,2.827372213581143
62.942411358201994,41.41393496962737,-2.5079008694643043,0.055492253193638624,2.5718472102931744
62.782903346257356,41.29616917849382,-2.5013760055183525,0.09127812732980731,2.355094227645767
62.62294361498837,41.175969638190836,-2.486043253922942,0.13044043092063998,2.156223738978854
62.46764763289706,41.05373815148698,-2.463139342081048,0.17033132491486871,1.9854480230518927
62.31516353271498,40.92786612893628,-2.433379574141483,0.20852756836266959,1.8454920753094384
62.16999988234063,40.7988247754716,-2.396138051200424,0.2470598791804938,1.7229698391350092
62.02965266466784,40.664299060539996,-2.352027818356044,0.28518723392320033,1.6167611118180432
61.898315181158985,40.52486654610151,-2.298594097354922,0.32008024749280567,1.5304242662597507
61.77584268567181,40.37942638829454,-2.2427279837633876,0.35097951601855676,1.4613199225282645
61.6645274269446,40.23094292829272,-2.1770825748023235,0.3791512132098575,1.4035392133791074
61.56640293645782,40.07738116747114,-2.0958471962917216,0.4035641612026865,1.3570408468136266
61.48388573898531,39.91910894997733,-2.0151027518591,0.4200099776221452,1.327416047182635
61.41404405399469,39.757334528069606,-1.936860646018463,0.42740274501739095,1.3145163328759164
61.35799796805674,39.590713736664725,-1.8493846439124884,0.42692928189635515,1.3153349644818226
61.318070060182464,39.42179225290823,-1.759842555969815,0.4190453397305492,1.329117950576322
61.29305918895902,39.25130826124373,-1.6797906183241142,0.40426465073655615,1.3557520784997796
61.28024443159457,39.07612531119025,-1.5976729277793886,0.3786098433785152,1.4046064808410117
61.28358618317823,38.89893019345197,-1.5180710196454807,0.3424800754703773,1.4796983708419569
61.299079368285234,38.719228765145886,-1.4538115607125306,0.30092473727956803,1.5766452905103312
61.32594461927894,38.538498405871515,-1.3922710777137723,0.2539179011202233,1.70284869802021
61.36483618235553,38.35481677695326,-1.3424003886253058,0.20077807085567287,1.8722685794706035
61.411836038219874,38.168996655326524,-1.3081261529678443,0.14206845160374673,2.103483898640286
61.46470497131078,37.983395398922994,-1.2852725982058182,0.0799622317407583,2.419575927026291
61.52103682210066,37.796988897894096,-1.2768074021730413,0.01720844516754168,2.8527270109617016
61.577598874529045,37.61051552548036,-1.2832964344139555,-0.044001829165224896,2.6501638314818354
61.63110135977449,37.4247620120008,-1.3038963410201507,-0.10112386698038756,2.301722699676519
61.67883098847491,37.24027630216393,-1.3365684303790388,-0.15319287065491033,2.0553877505520006
61.71877687501132,37.05731539552161,-1.379903357004455,-0.20181374668938182,1.8686451581825942
61.749223206180034,36.87601406862942,-1.4327800068487306,-0.2442866102088247,1.731242162221177
61.76891970963613,36.69631426470538,-1.4880790151327687,-0.27657238227604236,1.639597686014254
61.77897272929561,36.51718178455093,-1.554125421726532,-0.301989488159003,1.5740029575060097
61.77486178953614,36.33991313393332,-1.6293849162359724,-0.3199533861245296,1.5307214584583333
61.75821312035011,36.163258769790254,-1.688232884778035,-0.32719738028665646,1.513934143227911
61.73331296353258,35.98774302493692,-1.749471436488685,-0.3285565164398976,1.5108254044726754
61.6949522661887,35.81297931271101,-1.8172921082325644,-0.3233204087531872,1.5228726129276215
61.645867591150505,35.64020323800208,-1.883425694228066,-0.3091837221965048,1.5563789184948111
61.58350901755899,35.468198347340525,-1.94232967545482,-0.2900098586830596,1.6042527018947559
61.512838832528466,35.29877839595545,-1.990102235359105,-0.26597433067341403,1.6685920438833923
61.43321158777935,35.13101224940573,-2.029281770857093,-0.23837690844991033,1.7491378095324321
61.34837742400079,34.965566373040026,-2.068358258184981,-0.21019369677073096,1.839834901694841
61.255089811757564,34.803064666158434,-2.1038073898263097,-0.1805788179241062,1.9458578621914298
61.15754032403282,34.64209662729383,-2.1305829855670737,-0.14996113655427817,2.069131890196357
61.05396004594288,34.48210559319326,-2.1551085642190486,-0.12190992919234474,2.1966277863224715
60.94727618669888,34.32416452936597,-2.1653905508119475,-0.09781479776639558,2.319388460409886
60.84118105779173,34.16745086152893,-2.1743103392709315,-0.07533390927980721,2.4469786068628867
60.73170602900682,34.01143036284773,-2.1853856422674856,-0.05369903512790885,2.5837632236698598
60.62082613389396,33.8552325897723,-2.1818207942702976,-0.035091691369706815,2.714256450972692
60.51338223218149,33.69973731105586,-2.1827319055092147,-0.016455144370951424,2.858870613929746
60.40332999631732,33.54532243972027,-2.1858222139170636,0.0031877199653345626,2.9715822834789587
60.29477784741156,33.39028621202177,-2.173487239879126,0.018328941746982894,2.8436374068603456
60.18914017328218,33.23404276934369,-2.169292976004602,0.027875187993289606,2.7684839668988586
60.08208375794331,33.07838698851607,-2.1680396896256653,0.034098658348281026,2.7215920840842727
59.97689251287728,32.92195862886533,-2.1649112817371297,0.0388466769540998,2.686871869415297
59.8709494483259,32.765841683041856,-2.169937421676064,0.04322007911861116,2.65566574868743
59.763968776649115,32.610154528162155,-2.1697913970902682,0.04493122710637718,2.64365236552311
59.65807775305376,32.4540160262689,-2.164611159199259,0.04270647381263503,2.659292928559096
59.552941200774015,32.2975650121243,-2.168697250802577,0.03958132286435109,2.681578702741824
59.44559589396029,32.142028894063635,-2.173826281312138,0.0348660190810043,2.7159200401707717
59.33793640502014,31.985327693737048,-2.166904812741844,0.02875727183680611,2.7617397019459236
59.23120374727969,31.826020919013434,-2.1524932286740075,0.020296854515285147,2.8278128801268476
59.1258046311803,31.66274113320718,-2.140626728574679,0.0008441379613283529,2.992421949109334
59.02072803449317,31.497526947776013,-2.1372234458600126,-0.03149512632253166,2.7410142315741455
58.91400399667731,31.32968947171791,-2.1401711394196337,-0.07509200909752439,2.4484278914922863
58.80399213237246,31.158923058321143,-2.157756890186075,-0.13165068063891863,2.1506115693252097
58.68732124138693,30.98889644594346,-2.1886755200514116,-0.19782335602766377,1.8826836224223031
58.56440624812159,30.821816270057163,-2.2221293146873347,-0.27113814680445003,1.6543377692063483
58.437734816462594,30.661488347480585,-2.2615376011118933,-0.3500161126536192,1.4633801283846994
58.306952905675146,30.51034928323385,-2.3093258346456693,-0.4302621901196382,1.3095938481645488
58.173512590652535,30.37126075981538,-2.368187954216433,-0.5083212644918887,1.1881358488196128
58.03640209186283,30.246211544831944,-2.442974849714366,-0.580440764105351,1.0943623843168762
57.89547262730927,30.13772711723778,-2.5239290249499664,-0.64482024432742,1.0223343479369489
57.755059822434255,30.046349447851362,-2.617819910065492,-0.7023746153703688,1.0
57.61338771404638,29.974799878421397,-2.733820845658556,-0.7522852190023238,1.0
57.472000735421915,29.92407226547764,-2.8639383131232936,-0.7911734137184858,1.0
57.33256090587701,29.89475962784781,-3.016653162791785,-0.816741728660123,1.0
57.19616449682346,29.889428979277902,3.10042590708124,-0.8297686545753302,1.0
57.0618090357748,29.90591190208641,2.9415370457057897,-0.8307686877285676,1.0
56.92784426422591,29.943835717163605,2.7856287024794444,-0.818414524814785,1.0
56.79746361581754,30.004196043002317,2.634287686450648,-0.7949772518558448,1.0
56.67255780911219,30.08573050825291,2.496956433399168,-0.7607264781775913,1.0
56.553940262766304,30.18727084182801,2.3782787643936487,-0.7125866303453763,1.0
56.43988215624741,30.30834967062151,2.277062492350286,-0.6543190003597884,1.01250203729151
56.33289640757349,30.446390503922125,2.1924104367981574,-0.5920421926200189,1.0806423683723072
56.23110153821396,30.5998008185673,2.1267753726359455,-0.525457079440865,1.164428462550769
56.134774514893245,30.765241429782115,2.0645835563777695,-0.45268556221381073,1.272234046363357
56.04753432459627,30.940837277749267,2.0070181194403194,-0.37439165626181975,1.412978225584545
55.96732397987808,31.124443902833058,1.9626279562398263,-0.29302264267963285,1.5965362162989867
55.89382110963622,31.312846211813696,1.9269084059350163,-0.21432770403576093,1.8259469485064965
55.82735446244953,31.50073582852512,1.8983683044247748,-0.14239558378605632,2.102037450351244
55.76639823234491,31.687824261049037,1.8803396801719217,-0.08170426045130119,2.409420291018037
55.70843858604095,31.872552353453656,1.870912655960975,-0.03638467723702482,2.70476409428179
55.65246693180567,32.05598147981101,1.8736923202888178,0.0006962798967874734,2.9937465433972665
55.59514343391968,32.23508267360228,1.8779658974552849,0.03399300732909628,2.7223748729715878
55.53945056690587,32.41226455899998,1.8784307826146893,0.06090654843231449,2.5365267347417695
55.48276484383596,32.5887845637115,1.887386826468319,0.08483592045568049,2.3913761974106
55.42337403115944,32.76657801193129,1.8809217546498278,0.08353268472511154,2.3988522850999083
55.3675367221117,32.94834904338379,1.8567838713311495,0.04909256601219322,2.6148856594476815
55.31597541957688,33.1318195026463,1.8410111392365156,0.01011202028062303,2.9116713604576296
55.26229622146583,33.328293166524794,1.8478266031969852,-0.01968274996041577,2.8327321256008826
55.203601055132395,33.527028274272375,1.8575251960146772,-0.06120315290889211,2.5346198257213923
55.14465130452953,33.72728720363739,1.8547742996038732,-0.14360503309428602,2.096706975977285
55.087548968679016,33.924649148335796,1.8445944761528992,-0.252938126910103,1.7056944910550005
55.03505829295972,34.11750410093668,1.8225244871039799,-0.37498005620119224,1.411804456579818
54.98980180539821,34.30471682847326,1.79382142925283,-0.4985226970656859,1.202131094151384
54.95252109304593,34.48142801518473,1.7530227504513984,-0.6153076801587422,1.054139538326374
54.92631001719642,34.64927414810612,1.705405184148315,-0.7204849410337656,1.0
54.90877609688881,34.80444140497404,1.6432794729143048,-0.8112239375842064,1.0
54.9046146011094,34.94806648020425,1.5432836524070552,-0.8864919230769253,1.0
54.91629637816236,35.077711229142714,1.4170584280969543,-0.9474627405787965,1.0
54.94233722985613,35.191500038106255,1.2639573272549711,-0.9937193677962531,1.0
54.98311325440393,35.288592685732674,1.0720346508588747,-1.0257434389617601,1.0
55.038995640017696,35.368954007286106,0.9631716464146525,-1.047318455418494,1.0
