x,y,yaw,curvature,velocity
-0.006360937427173912,0.0,3.141592653589793,0.0,4.0
-0.1335677561317935,0.0,3.141592653589793,0.0,4.0
-0.23966280335190218,0.0,3.141592653589793,0.0,4.0
-0.36254474297880435,0.0,3.141592653589793,0.0,4.0
-0.24386323507119553,0.0,0.0,0.0,4.0
-0.12827021407119552,0.0,0.0,0.0,4.0
-0.0005227246124998516,0.0,0.0,0.0,4.0
0.1405486558600545,0.0,0.0,0.0,4.0
0.30097949358994575,0.0,0.0,0.0,4.0
0.46797546280788055,0.0,0.0,0.0,4.0
0.6421186996625,0.0,0.0,0.0,4.0
0.8186588688649458,0.0,0.0,0.0,4.0
0.9963493865089675,0.0,0.0,0.0,4.0
1.1750477005171196,0.0,0.0,0.0,4.0
1.3534108063274453,0.0,0.0,0.0,4.0
1.5304231363236407,0.0,0.0,0.0,4.0
1.70700762366576,0.0,0.0,0.0,4.0
1.8791194521695642,0.0,0.0,0.0,4.0
2.0589872967970098,0.0,0.004112447791542999,0.04709347298625307,3.6556824359157623
2.233631155151288,0.0014579190888987191,0.01931175717763452,0.12668692239663348,3.191386206610818
2.4066358934352703,0.006714540017904167,0.050898627019469136,0.24037035620269417,2.7013507270305293
2.5769525627287764,0.018947613313547933,0.08606555599847161,0.1660454843616022,3.0027979274072845
2.749081681173587,0.036260314463084906,0.10024261470834439,0.0,4.0
2.925750060518967,0.054029573271903275,0.10024261470834443,0.0,4.0
3.0825536454165623,0.06980083631580553,0.10024261470834432,0.0,4.0
3.274024274669199,0.08905890150032879,0.10024261470834428,0.0,4.0
3.446756935446118,0.10643230677779766,0.10024261470834453,0.0,4.0
3.620151378981482,0.12387227398985616,0.10024261470834463,0.0,4.0
3.793721545737392,0.14132991539690165,0.10024261470834432,0.0,4.0
3.9657878520086327,0.158636298914655,0.10024261470834452,0.0,4.0
4.122652079530959,0.17441366137769326,0.10024261470834482,0.0,4.0
4.226323741536088,0.18484092968759336,0.10024261470834436,0.0,4.0
4.382444310824672,0.20054349520241901,0.10024261470834452,0.0,4.0
4.484372907978975,0.21079544651122561,0.09823046522655068,0.0230216098183871,3.823933777219025
4.658355476192597,0.22773388905091732,0.09084529683912201,0.07162072801738434,3.4988234365412567
4.831035677740648,0.2423750506693539,0.08074088276973139,0.04942336936477297,3.640180071539987
4.986156440084687,0.25425849207348394,0.07086736490342288,0.1068067604479391,3.2959421851589434
5.090644378652044,0.26080369622238464,0.049548495847436196,0.15117393366693135,3.071376012761253
5.262616961831271,0.2679679160467225,0.04112464952963127,0.005855183035659291,3.9537007172643994
5.436799843632211,0.2750472490481814,0.04062074734498102,0.0,4.0
5.607591258353143,0.2819887422999782,0.04062074734498129,0.0,4.0
5.781780938336407,0.2890683516006693,0.04062074734498134,0.0,4.0
5.954427490777974,0.2960852434080082,0.0406207473449815,0.0,4.0
6.122972609517397,0.3029354402183379,0.04062074734498155,0.0,4.0
6.301267912373613,0.31018191477694357,0.04062074734498128,0.0,4.0
6.472337815745806,0.31713472667199066,0.04062074734498107,0.0,4.0
6.645289926028347,0.3241640372984758,0.040620747344980966,0.0,4.0
6.812047929717639,0.3309416002057433,0.04062074734498139,0.0,4.0
6.982958123024507,0.33788792098797604,0.04062074734498122,0.0,4.0
7.14140760973195,0.3443277999744435,0.040620747344980945,0.0,4.0
7.331111271866378,0.35203794566706476,0.040620747344981535,0.0,4.0
7.5020519806940635,0.35898550669478746,0.04062074734498151,0.0,4.0
7.673909062468916,0.3659703119636171,0.040620747344981535,0.0,4.0
7.827199901993011,0.3722005275154788,0.040620747344982035,0.0,4.0
7.930571247447543,0.3764018598721096,0.040620747344982173,0.0,4.0
8.099218611286917,0.38325621224068274,0.04062074734498157,0.0,4.0
8.270437509023656,0.3902150797292018,0.04062074734498123,0.0,4.0
8.44012333893523,0.3971116385824753,0.04062074734498183,0.0,4.0
8.607761576768395,0.4039249769377049,0.04062074734498185,0.0,4.0
8.779080850275285,0.41088792400910173,0.04062074734498211,0.0,4.0
8.946601859956619,0.41769649784835045,0.040620747344981875,0.0,4.0
9.11654810702687,0.4246036408633194,0.040620747344981216,0.0,4.0
9.285932976525519,0.43148796775119347,0.0406207473449812,0.0,4.0
9.452603925111644,0.43826199246883857,0.040620747344981306,0.0,4.0
9.62288377279875,0.4451826940484138,0.04062074734498119,0.0,4.0
9.791723823361124,0.45204487780353275,0.040620747344981056,0.0,4.0
9.957553136515733,0.4587846958447012,0.04062074734498101,0.0,4.0
10.124461375592276,0.4655683647844557,0.04062074734498106,0.0,4.0
10.289713012356696,0.4722847042639484,0.040620747344980994,0.0,4.0
10.456158692996008,0.47904957339297555,0.04062074734498077,0.0,4.0
10.624511440835116,0.4858919516527734,0.04062074734498138,0.0,4.0
10.78804021828175,0.4925382687816244,0.04062074734498155,0.0,4.0
10.952705185232222,0.49923076417878304,0.040620747344980924,0.0,4.0
11.12135846666001,0.5060853570565179,0.04062074734498069,0.0,4.0
11.288726125390946,0.512887698237122,0.04062074734498101,0.0,4.0
11.454127139458382,0.5196101088738948,0.040620747344981285,0.0,4.0
11.618873579351032,0.5263059155843256,0.04062074734498138,0.0,4.0
11.788910415773996,0.5332167404317893,0.04062074734498145,0.0,4.0
11.95305940586179,0.5398882649275932,0.040620747344981355,0.0,4.0
12.118029209949059,0.5465931498522433,0.040620747344981445,0.0,4.0
12.267473446734806,0.5526670275284908,0.04062074734498183,0.0,4.0
12.372870529982167,0.5569506921571613,0.040620747344981514,0.0,4.0
12.541370478795503,0.5637990531214817,0.04062074734498144,0.0,4.0
12.707725956344184,0.5705602561169043,0.04062074734498108,0.0,4.0
12.871284409238346,0.5772077793480588,0.040620747344981174,0.0,4.0
13.03349188169925,0.5838003945407967,0.04062074734498223,0.0,4.0
13.195079589610744,0.5903678205784213,0.04062074734498249,0.0,4.0
13.35781253602596,0.5969817926637982,0.04062074734498248,0.0,4.0
13.519844571667083,0.6035672775596028,0.04062074734498195,0.0,4.0
13.681677345633803,0.6101446638424268,0.040620747344981244,0.0,4.0
13.839635123694597,0.6165645582631705,0.04062074734498125,0.0,4.0
14.0037760611371,0.6232357554744733,0.04062074734498184,0.0,4.0
14.169927433911694,0.6299886630183108,0.040620747344981965,0.0,4.0
14.337079117797435,0.6367822263107938,0.04062074734498155,0.0,4.0
14.508418103718538,0.643745974555894,0.040620747344981264,0.0,4.0
14.674491004809834,0.6504956927669363,0.040620747344981764,0.0,4.0
14.8399112264827,0.6572188840604167,0.040620747344982264,0.0,4.0
15.004311894457814,0.6639006375268005,0.04063874541004093,0.00022550052931983547,3.9981968090064886
15.163807675847067,0.6703888803201487,0.04665120239148361,0.08054917184660212,3.4450139574541634
15.312423174477564,0.6782848356675178,0.0608730943413962,0.08919688752451636,3.3944510610076506
15.486758351145287,0.6900722056612449,0.06751051125236857,0.0,4.0
15.644816050491713,0.7007590023144789,0.06751051125236833,0.0,4.0
15.799298246062746,0.7112040474937986,0.06751051125236904,0.0,4.0
15.963324306471137,0.722294384507838,0.0675105112523686,0.0,4.0
16.125658513129604,0.7332703297708444,0.06751051125236728,0.0,4.0
16.285629697784103,0.7440865034077422,0.06751051125236844,0.0,4.0
16.45345861386254,0.7554339638989387,0.06751051125236905,0.0,4.0
16.61623956334823,0.7664401149018145,0.06751051125236937,0.0,4.0
16.775927366959866,0.777237128221987,0.06751051125236836,0.0,4.0
16.933639843691967,0.7879005832481145,0.06751051125236626,0.0,4.0
17.09153428572366,0.7985763415417371,0.06751051125236691,0.0,4.0
17.25192368387856,0.8094207919576523,0.06751051125236782,0.0,4.0
17.407328215192525,0.8199281992653055,0.06751051125236794,0.0,4.0
17.549555228287176,0.829544631579735,0.06751051125236748,0.0,4.0
17.70808142285917,0.840263104723449,0.06751051125236696,0.0,4.0
17.874369327376527,0.8515063723960625,0.0671056650832533,0.005625825752769635,3.9554941581997403
18.017974072696443,0.8610899287295058,0.0604159647682932,0.07499790720943378,3.478273529213963
18.183616713508997,0.870212616939504,0.04636995512293114,0.11139880359962905,3.271187297431626
18.338787297766803,0.8759766948148203,0.025791976291412794,0.1462812862224603,3.094627745900054
18.49377972039386,0.8782141082050282,-2.8070483720973325e-05,0.2076875301083402,2.8261060353766854
18.633030393956684,0.8759684352687765,-0.03479252100969692,0.2225935847196233,2.7678075785519582
18.800532036453415,0.8675371132190904,-0.06037226153077331,0.15162594631211945,3.069245494779652
18.93311980979752,0.8578293153345495,-0.07330610817766846,0.0025287354449891565,3.979871913650869
19.10556917380743,0.8451358869857066,-0.07347419662537553,0.0,4.0
19.256898866193985,0.8339970079391555,-0.07347419662537621,0.0,4.0
19.39387243099601,0.8239148360478159,-0.07347419662537899,0.0,4.0
19.56091702819276,0.811619234740429,-0.073474196625377,0.0,4.0
19.711679352617235,0.8005221177764194,-0.07347419662537649,0.0,4.0
19.8619684131898,0.7894598362020835,-0.07347419662537687,0.0,4.0
20.000067261375023,0.7792948359159932,-0.07347419662537545,0.0,4.0
20.166406472225063,0.7670511557687782,-0.0734741966253759,0.0,4.0
20.320261153751414,0.7557264206078151,-0.07347419662537669,0.0,4.0
20.474283187408137,0.7443893672090429,-0.07347419662537702,0.0,4.0
20.626948401384432,0.7331521848274511,-0.07347419662537613,0.0,4.0
20.777780122709558,0.7220499597866964,-0.07347419662537634,0.0,4.0
20.93525173396894,0.7104589943692597,-0.07347419662537745,0.0,4.0
21.08979725206133,0.6990834090094447,-0.07347419662537698,0.0,4.0
21.24182367217946,0.6878932461347955,-0.07347419662537703,0.0,4.0
21.395906476521002,0.6765517196065461,-0.07347419662537638,0.0,4.0
21.547459623446194,0.6653963928091334,-0.07347419662537581,0.0,4.0
21.695330503753812,0.6545121055005576,-0.07347419662537455,0.0,4.0
21.84734271880708,0.6433229882138359,-0.0734741966253741,0.0,4.0
22.000201659422217,0.6320715462539416,-0.07347419662537584,0.0,4.0
22.149111444745238,0.6211107885770928,-0.07347419662537652,0.0,4.0
22.297663721632563,0.6101763459158931,-0.07347419662537631,0.0,4.0
22.44720304406973,0.5991692500904682,-0.07347419662537547,0.0,4.0
22.59774727803183,0.5880881860453758,-0.07347419662537567,0.0,4.0
22.747466186070298,0.577067871516735,-0.07344609285423816,0.00038458088602887975,3.9969257175323194
22.893225194141547,0.5663473811685243,-0.07311857426854726,0.003906867840889429,3.968987381675274
23.04570509499773,0.5552221223231915,-0.06958775205120445,0.04332104342447456,3.6810648588066592
23.19520250376878,0.5452994735311836,-0.05671171099282795,0.1278067512367524,3.1856936805156773
23.34470465171869,0.5382471435605738,-0.03540271836949601,0.156337787588048,3.047211417385745
23.494775491686475,0.5346893422936707,-0.013705729500940032,0.1340111294624891,3.1545187569429394
23.64397319381928,0.5341451930247895,-7.41248845453774e-05,0.04803659295353152,3.6493913467007877
23.792734725518386,0.5346672560998232,0.005142072252345599,0.02249735741362278,3.8277705554341144
23.937876425111654,0.5356564779952313,0.006856215385049944,0.0005309348976912386,3.99575702630408
24.091418430262298,0.5367151280002281,0.006894746676664313,0.0,4.0
24.240957361754795,0.5377461773890673,0.006894746676663961,0.0,4.0
24.375854668108854,0.5386762748819693,0.006319030716730794,0.007033477363289223,3.9445127181750195
24.539559210062027,0.5396330767553845,0.0009849721189451894,0.06531523560761886,3.5378491044033797
24.68836318626889,0.5389840871588333,-0.014331523491795745,0.13395341386801943,3.154805946697486
24.837177165484615,0.5353674659900869,-0.03152072349555593,0.10949476929772438,3.2814063397204403
24.968997064326754,0.5301353735267531,-0.040602796914817024,0.011431513861494574,3.9105920260941103
25.131985799821233,0.5233908286479125,-0.04231176144442964,0.013004136614525666,3.898604040892582
25.278711805865264,0.5170229713532043,-0.052580251291498,0.12531583305484686,3.1983837515027047
25.425383152713803,0.5079496895304068,-0.06933994778316953,0.10273853094892106,3.318188397299408
25.57206554602936,0.49664917526066454,-0.07828312373506235,0.01940048004404788,3.8505932836842764
25.71534804810103,0.4852038487049182,-0.08025892497695515,0.007295377048510047,3.9424762978053915
25.86528972348268,0.47306465638746664,-0.08078724798362225,5.456424598934668e-05,3.999563533662998
26.01172914556712,0.46120780873755524,-0.08079135209514668,0.0,4.0
26.15811822508237,0.44935503720433934,-0.08079135209514574,0.0,4.0
26.304379282219564,0.4375126313350326,-0.0807913520951457,0.0,4.0
26.450807859867922,0.4256566617330176,-0.0807913520951461,0.0,4.0
26.596060140190204,0.4138959340951387,-0.08079135209514621,0.0,4.0
26.72572774231898,0.40339706035140266,-0.08079135209514444,0.0,4.0
26.881632943583437,0.39077379133743856,-0.0807913520951446,0.0,4.0
27.025718931227537,0.3791074956114285,-0.08079135209514515,0.0,4.0
27.164501147992958,0.36787063345175913,-0.08079135209514406,0.0,4.0
27.2844545291821,0.3581582968035632,-0.08079135209514483,0.0,4.0
27.429929878574118,0.3463795077998471,-0.08079135209514474,0.0,4.0
27.561794086508176,0.33570278016943655,-0.0807913520951425,0.0,4.0
27.69466551049765,0.3249445006785395,-0.08079135209514104,0.0,4.0
27.826518481826565,0.31426868284901077,-0.0807913520951428,0.0,4.0
27.95977465171859,0.30347925140814286,-0.08079135209514506,0.0,4.0
28.092093481324415,0.29276571415486025,-0.08079135209514564,0.0,4.0
28.21111597604894,0.283128749143845,-0.08079135209514457,0.0,4.0
28.357874058409877,0.271246100338093,-0.08035808943818225,0.006486433860552628,3.948773089055029
28.49103847010509,0.26058616910779425,-0.0703798896826014,0.14073751036858645,3.1214030201688883
28.625798175363432,0.2523584346339445,-0.04621236660058964,0.2213469790723361,2.772590803072375
28.759154766408432,0.2481870528279373,-0.01633638315289206,0.2239797511743686,2.7625082010315856
28.892495023831312,0.24800118510764513,0.01769260443294787,0.2881344964303177,2.53763794004521
29.02488032195977,0.25288892058608553,0.0602237377871374,0.40290358071755544,2.215075942450644
29.14019246745826,0.2629365116755517,0.11996764114358924,0.44880674220101535,2.1079108221348175
29.285894207659528,0.2843532330481061,0.17715956928923954,0.47669965534667386,2.0477124047823194
29.41389506278089,0.3119392804759977,0.24451357278186261,0.4992046450578945,2.0015919760702463
29.53812983119795,0.3472875090395188,0.3110767487424123,0.5001579708686965,1.9996841081643146
29.665652862165004,0.392883226803751,0.37355971790759257,0.5018111820532399,1.9963841847931305
29.776053004680936,0.4405448457009351,0.44410869489285804,0.500659022296321,1.9986828234560687
29.905964193466364,0.5072256666485085,0.5063698363967769,0.49496916341704966,2.010112547741023
30.017215353199944,0.5742940571247138,0.575630263956264,0.529266874776884,1.9431306389157268
30.119758424640796,0.6459654686005842,0.6496973512781384,0.5890049613535208,1.8365389240414536
30.223949717961634,0.731355726828042,0.7266322300141735,0.5930849592512962,1.8296839445763584
30.321280081909162,0.8250921832400622,0.8116376954294925,0.6000670803680069,1.8180709483015682
30.420088976429895,0.9380680489241339,0.8891727657851871,0.6028160262895885,1.8135391147052662
30.49298675544871,1.0367229686522699,0.9797246630148383,0.6031758915623205,1.81294752296263
30.571987489147862,1.164407652765342,1.057916685918861,0.6021787342340451,1.8145877232787408
30.633638936652186,1.2864846954130653,1.140163734598425,0.6031077823749252,1.8130594597874372
30.68023590053832,1.4000443524739312,1.2223689116552958,0.6030719897472396,1.8131182901836573
30.72183702077645,1.5292891488196754,1.3041542240797048,0.6031626435203016,1.8129692949153908
30.755040630234017,1.6739075053893406,1.3856681782412283,0.6024438946049726,1.814151277708912
30.773878646809447,1.807181692795631,1.471046537422165,0.6025471574975219,1.813981367055037
30.78186129474362,1.9418945380185288,1.551079126532252,0.6045390437309177,1.8107100978924109
30.779108916333076,2.0724116265227317,1.632694167455408,0.6005691569970949,1.8172415493243548
30.76539407399615,2.207593384318448,1.7078337550542422,0.5724434172083159,1.8649002529254293
30.743427612012503,2.331156033172534,1.761723600982011,0.2063133698068386,2.831604335264044
30.714009072477022,2.473449040994212,1.7747167823698649,0.0007411060899439455,3.9940799260861097
30.68850551441414,2.5967433833247804,1.7747706245696397,0.0,4.0
30.65807342059961,2.743864227536097,1.7747706245696488,0.0,4.0
30.631299362688235,2.8733006714065468,1.7747706245696404,0.0,4.0
30.603594007492887,3.0072393767206163,1.7747706245696282,0.0,4.0
30.5753856921212,3.1436095915522206,1.7747706245695924,0.0,4.0
30.54796800048715,3.276157616808469,1.7747706245695896,0.0,4.0
30.52026122126428,3.4101032064379213,1.7747706245696362,0.0,4.0
30.492714629570802,3.543274385844386,1.7747706245696602,0.0,4.0
30.467993900631615,3.6627842208632284,1.7747706245696442,0.0,4.0
30.441134359780918,3.792633923258563,1.7747706245696433,0.0,4.0
30.41142144555725,3.936277967313059,1.774770624569646,0.0,4.0
30.38367111314661,4.070434110373082,1.7747706245696504,0.0,4.0
30.35661584267686,4.201230047587728,1.7747706245696502,0.0,4.0
30.332073334365365,4.319878293214748,1.7747706245696195,0.0,4.0
30.304691990019986,4.452250601222381,1.7747935691432883,0.00034167040319657804,3.9972685033175734
30.277480080031683,4.583773271471738,1.7832676925782376,0.12558673787176786,3.19699871964031
30.24799117947607,4.715086000300776,1.8174159860955303,0.39956138732355045,2.2233057445368636
30.213227793392186,4.839001663416278,1.8720483364803426,0.41516894762036977,2.1853888347068784
30.170184164655385,4.965503967756386,1.9277790414065354,0.42056579087957713,2.1725769302040336
30.118366835854555,5.093346511670786,1.9792685706046742,0.41441097925047254,2.187200334842181
30.07059688499434,5.195595432861523,2.033630503282822,0.41165854278031855,2.1938038269246363
30.012104032721815,5.306305010384217,2.08436246303465,0.45986489396790764,2.083626573456981
29.95037789066737,5.408730779296209,2.1476304818593523,0.5982676182266543,1.8210497758545872
29.884124013884048,5.502999735693367,2.218967746800022,0.6104410448127323,1.801086162424125
29.81058483947217,5.593319177046591,2.2864347667934464,0.5406754175765579,1.9218288106174743
29.729429169186957,5.6809365897088515,2.3485193010703176,0.4737677454355487,2.0538778465140437
29.636260036815028,5.770340682015217,2.4031362465945376,0.4935145890151209,2.0130554922023
29.555135117895052,5.839590011925969,2.460962640586402,0.4320281379434449,2.145857961341248
29.460035862880332,5.91303008395547,2.489043386108257,0.08509510389559391,3.418247711669257
29.365584512706103,5.984451168455527,2.4941557251438016,0.0,4.0
29.259082433803254,6.064984627879032,2.4941557251438344,0.0,4.0
29.161540092253688,6.1387430210125675,2.494155725143836,0.0,4.0
29.073404046250225,6.205388674859782,2.494155725143815,0.0,4.0
28.966156111303583,6.286486126724163,2.4941557251438176,0.0,4.0
28.87791444097992,6.353211650297794,2.4941557251438113,0.0,4.0
28.772404942093033,6.432994552518444,2.494154840310501,1.5340731158664604e-05,3.999877277916023
28.6803922968741,6.502571841183125,2.4940966797385373,0.0009093439048393252,3.9927384552442122
28.580149447201265,6.5783898407665715,2.4939584722498864,0.0013609596835464156,3.989141877465645
28.479649040267283,6.654429707168453,2.4937866809258775,0.0013598885688010348,3.989150399943777
28.378488318527474,6.730996532660957,2.4935632774288106,0.0019990353610394324,3.9840714007778786
28.26865055840648,6.814176568718232,2.4883710672575265,0.08568720431771386,3.4147920344783107
28.175186711688117,6.88658330777887,2.460380813847423,0.3454204463806284,2.3656868112928895
28.077516601004767,6.969122683693794,2.4078697083212535,0.4739639407768315,2.0534641132656355
27.97975870929863,7.06278989926089,2.3462408114825783,0.5438442832298981,1.9159945905068643
27.90222421716596,7.1479398768989935,2.264838914797082,0.7436755079645041,1.6081365172764037
27.829579330291388,7.243260293479037,2.16648374759993,0.9010215712034872,1.4275297690684279
27.766073742369194,7.348803827269367,2.057203852998001,0.932665399349173,1.3959993735512521
27.716813584217324,7.456515772695425,1.9523492473758404,0.8147432866988397,1.5212095168949342
27.678776824763684,7.566385489354664,1.8816782362568274,0.3572120870124081,2.333144889464269
27.64289919161388,7.686563549613486,1.8606199133273058,0.005291861259888878,3.958108478163933
27.61153193849124,7.7918724935573325,1.8602880628711072,0.0,4.0
27.577212787225722,7.907091813613517,1.8602880628710967,0.0,4.0
27.542269384555343,8.024406926244996,1.859347725207914,0.015190273913808195,3.8820608642441137
27.507148514653494,8.143128897705282,1.8507298553159088,0.12265883631342889,3.21203182763997
27.47342914691287,8.263865924060363,1.8316503700320117,0.17991241833586136,2.9415553328105934
27.441891583883457,8.38759526486325,1.8160268841483065,0.06804144311703987,3.520869866510634
27.411412065748586,8.511668946364644,1.811682920208869,0.0,4.0
27.38045398391495,8.63769072821578,1.811682920208884,0.0,4.0
27.349283908376766,8.764575477757603,1.8116829202089102,0.0,4.0
27.317949303311224,8.892129981462999,1.811682920208887,0.0,4.0
27.28740499291065,9.01646741434338,1.8097097764635446,0.029107712665155085,3.779948679874369
27.25556701965737,9.148251280171335,1.8001564795075478,0.11541268219744043,3.24985177890492
27.226286402154624,9.27825254124329,1.7863322278075573,0.0897148045082741,3.3914698846125693
27.1984584686432,9.409096271778324,1.7799423895890343,0.006138865958148588,3.951484729815977
27.170630306955047,9.540472225093904,1.7792805640042053,0.0037374281854671747,3.9703224102371752
27.14283764604287,9.672006374173039,1.7782134896255122,0.012082215371542169,3.905622847200222
27.11512450381394,9.804228232631509,1.7765171091570529,0.012782818211311523,3.9002866885758727
27.086981190675008,9.939681106868061,1.7675599557433963,0.11274875254549924,3.2639805331166163
27.060012909852148,10.08069456738124,1.7382598747304339,0.2922702295270235,2.5243912057556144
27.03853973656975,10.22623764085737,1.6975313883524943,0.26363904278516875,2.619038430389227
27.0224920808221,10.37516501165774,1.6756196121385694,0.03250659337521213,3.7558220402930673
27.006660909452954,10.5292426527019,1.6731850368358923,0.0,4.0
26.991087846017365,10.680808245799083,1.676829927545306,0.048864408364828346,3.6438872142545757
26.97474688440767,10.82909412076004,1.6829379862962695,0.029744028700958557,3.7754082946520637
26.956443449276183,10.988446357703959,1.685156647821007,0.0,4.0
26.941035226527976,11.122592475338006,1.6851566478210152,0.0,4.0
26.92304432675112,11.279223736272389,1.685156647821007,0.0,4.0
26.90462463118826,11.439588152606332,1.685156647821012,0.0,4.0
26.885849905104486,11.603043513742962,1.6851566478209943,0.0,4.0
26.866447359823947,11.771964755610867,1.6851566478209763,0.0,4.0
26.847680696215683,11.93534992372103,1.6851566478209836,0.0,4.0
26.82777825259428,12.108623349661976,1.685156647821001,0.0,4.0
26.808718359172726,12.274561417069425,1.6851566478210083,0.0,4.0
26.789045005570816,12.445840353625934,1.6851566478210096,0.0,4.0
26.76934481957622,12.617352896703132,1.6851566478210132,0.0,4.0
26.75000391793279,12.785737460543261,1.6851566478210072,0.0,4.0
26.729836856814895,12.961314682995495,1.6851566478210098,0.0,4.0
26.709701935371356,13.136612092998998,1.6851566478209978,0.0,4.0
26.689477585216636,13.312688081726822,1.685156647820997,0.0,4.0
26.667519021075872,13.503862377194812,1.6850819489470024,0.0008995081458258918,3.9928168574239127
26.648593094232524,13.668868805193314,1.6825829064801396,0.02671779441239838,3.7970997395886004
26.628845725108746,13.848376642317284,1.6743117531648257,0.06687478580448333,3.5281159968363904
26.61122977827255,14.028523080882431,1.6587124392114234,0.10575183547045847,3.301682112851867
26.597078457114623,14.208781342613506,1.6264697354115494,0.2494141201622096,2.6687514235348315
26.591058346558913,14.390465833529374,1.5879615238206506,0.1760917672582276,2.958178307821513
26.59084826592812,14.571700525481575,1.5716620789375804,0.003222922539458799,3.9743817509489063
26.590743808227366,14.753777961164117,1.5713700260504064,0.0,4.0
26.590641065297525,14.93286642533664,1.5713700260503987,0.0,4.0
26.590540990441596,15.107304240958465,1.5713700260504004,0.0,4.0
26.590428600422722,15.303208289048504,1.5713700260504122,0.0,4.0
26.590334059625263,15.467999834757771,1.571370026050411,0.0,4.0
26.59023192702062,15.646024457334438,1.5713700260504178,0.0,4.0
26.590129580560408,15.824421845862263,1.571370026050413,0.0,4.0
26.59002712832494,16.003003608418442,1.571370026050405,0.0,4.0
26.58992469177786,16.1815580249707,1.571370026050423,0.0,4.0
26.589824473847578,16.356245229663983,1.5713700260504502,0.0,4.0
26.589717569744153,16.542586924657822,1.571370026050436,0.0,4.0
26.589612285441643,16.72610518783478,1.5713700260504304,0.0,4.0
26.58950701816008,16.90959378224243,1.571370026050437,0.0,4.0
26.589400854140916,17.094645456083068,1.5713700260504282,0.0,4.0
26.58929463562302,17.279792125211607,1.5713700260504113,0.0,4.0
26.589188861591587,17.464164021834495,1.5713700260504009,0.0,4.0
26.589082462556913,17.649625344957723,1.5713700260504069,0.0,4.0
26.58897621065431,17.83483020608729,1.571370026050425,0.0,4.0
26.588870606460176,18.018906063823028,1.571370026050423,0.0,4.0
26.58876480108693,18.20333259152225,1.5713700260504133,0.0,4.0
26.588659421806877,18.387016407525227,1.571370026050422,0.0,4.0
26.58855431401066,18.570227007281346,1.5713700260504138,0.0,4.0
26.588452423256538,18.747830066666516,1.571370026050419,0.0,4.0
26.588344896827415,18.93525652101173,1.571370026050425,0.0,4.0
26.588239668390568,19.118677406241122,1.5713700260504162,0.0,4.0
26.588135425887995,19.30037973570007,1.5713700260504075,0.0,4.0
26.588022900566706,19.496519625831738,1.5713700260504027,0.0,4.0
26.587927327762575,19.663110034880024,1.5713700260504095,0.0,4.0
26.587823078436987,19.84482425735522,1.5713700260504295,0.0,4.0
26.58771845683438,20.027187385973896,1.5713700260504093,0.0,4.0
26.587606057769044,20.223107202728183,1.5713700260504018,0.0,4.0
26.587510295198225,20.390028389026934,1.5713700260504098,0.0,4.0
26.587406888187562,20.570274394800812,1.5713700260503913,0.0,4.0
26.587303092098708,20.751198592405203,1.5713700260504007,0.0,4.0
26.58720004850231,20.930811140446913,1.5713700260504104,0.0,4.0
26.587096286181975,21.111676477039797,1.5713700260504115,0.0,4.0
26.587036987683707,21.21503810979907,1.5713700260504084,0.0,4.0
26.586941645892363,21.381225846610093,1.5713700260504198,0.0,4.0
26.586882068954175,21.48507282057156,1.571370026050431,0.0,4.0
26.586787468569675,21.64996823085776,1.5713700260504266,0.0,4.0
26.586684835774705,21.828864721869483,1.5713700260504229,0.0,4.0
26.586582277645523,22.007631064937137,1.5713700260504193,0.0,4.0
26.586523596015837,22.10991745049944,1.5713700260504175,0.0,4.0
26.586428509554604,22.27566012819349,1.571370026050415,0.0,4.0
26.586326108304398,22.454153019699074,1.5713700260504138,0.0,4.0
26.586223807809272,22.63247028770775,1.5713700260504162,0.0,4.0
26.586121989438986,22.809947176749283,1.5713700260504229,0.0,4.0
26.58602048965791,22.98686874142596,1.5713700260504198,0.0,4.0
26.58591849283186,23.16465669195788,1.5737403447070815,0.026704522981681106,3.797195415520592
26.584974455988835,23.342175902658504,1.6033977800685615,0.30984376620320647,2.469612144298656
26.574396607227914,23.51794779182661,1.641819968885388,0.12672476707750108,3.1911934952343746
26.560253774807286,23.68965316257989,1.6529776752818124,0.0,4.0
26.54530167239541,23.871183722499982,1.6529776752818215,0.0,4.0
26.53081834113112,24.047023023321355,1.652977675281835,0.0,4.0
26.516350911912973,24.222669260501203,1.6529776752818333,0.0,4.0
26.500767988715662,24.41185849257547,1.6529776752818326,0.0,4.0
26.4873864555041,24.574321078074743,1.6529776752818202,0.0,4.0
26.473277244712143,24.745618255190127,1.6529776752818257,0.0,4.0
26.45726135158552,24.940064090752767,1.6529776752818326,0.0,4.0
26.44385944141107,25.102774068985216,1.652589608217693,0.004500301837944591,3.964318738192627
26.42983202194614,25.27466533392179,1.6447486455023075,0.08187383819139567,3.43717120229444
26.417629149973056,25.456819176809628,1.6265747410509854,0.1251803975365334,3.1990766311304997
26.409756660049588,25.634204738994445,1.6133933680275618,0.019916519528488455,3.8467714044050707
26.402565115872527,25.810245642422757,1.6116251768152101,0.0,4.0
26.395367467310653,25.986435974317338,1.6115925439771888,0.0003720437637719373,3.9970258629081394
26.388218536621622,26.161714974733094,1.6034880418265747,0.09197391204681281,3.378527261589598
26.38389691248783,26.337181358648888,1.589415954742845,0.06849115025626785,3.5180846686855687
26.381686105158895,26.512510197537576,1.5834051490621892,0.0,4.0
26.379465993843436,26.68857689229107,1.5834051490622056,0.0,4.0
26.378197831374646,26.789148954932777,1.5834051490622028,0.0,4.0
26.376168721203904,26.95006823792805,1.5834051490621939,0.0,4.0
26.374892887297385,27.051248686588913,1.5834051490621772,0.0,4.0
26.372719558570758,27.22360527197565,1.5834051490621934,0.0,4.0
26.370695522916904,27.384122118655853,1.5834051490622079,0.0,4.0
26.36852903171718,27.555936451609252,1.5834051490621934,0.0,4.0
26.366374849383572,27.726774625683667,1.5834051490621843,0.0,4.0
26.36415452660217,27.902858090817016,1.5834051490621768,0.0,4.0
26.3619502431599,28.07766955062029,1.58340514906218,0.0,4.0
26.359726108076472,28.254055351682588,1.583405149062187,0.0,4.0
26.358432300359873,28.356661219560543,1.587704477522736,0.04835204488681207,3.6472919516746387
26.354984504314658,28.53446164669977,1.6190942026448707,0.35343089587008175,2.3434820671227032
26.341957239736367,28.69750950670812,1.7009280182645072,0.5696444634565354,1.869780163716305
26.31085742042224,28.8716409707731,1.8023823561082517,0.620306306902962,1.785226047266406
26.260910095343245,29.041196162894916,1.915367492301614,0.6580005872914267,1.727114840829241
26.191736460033354,29.20355741318007,2.037507244446905,0.6765392498963795,1.6999007896898846
26.096805615962793,29.366906906095256,2.156718525689566,0.7396803245955805,1.613319143911119
25.99879076554407,29.494284607233407,2.2936392574823112,0.7615324370605063,1.5853734246106228
25.874644193277476,29.61875909914431,2.42180195615224,0.7629417094641522,1.5836043619531506
25.73536557464102,29.725228855597347,2.5557260490875295,0.7622118334255715,1.5845200837422933
25.583257527777416,29.812119128580854,2.6887556825849908,0.764808388769145,1.5812671846257365
25.423062640560296,29.87718260664477,2.8237521113822632,0.7731850045583034,1.5708636159234732
25.25291251677501,29.9208008230078,2.9639422484886624,0.7862654118651301,1.5548890466547876
25.06773215219795,29.940979767201885,3.0933355973308516,0.784687730527669,1.5567985530448911
24.91422231029131,29.93715771432941,-3.048929917179395,0.7845287937827797,1.556991178150429
24.74360305566182,29.910858818780422,-2.9207490465769155,0.7734614627908905,1.5705225940774394
24.57534917708185,29.861078872451408,-2.8245653387794096,0.5786268291307715,1.8542093947465887
24.480632967370397,29.824580042105463,-2.7689615285878038,0.0610625633177718,3.564664853369035
24.33383480859975,29.766672546514933,-2.765862436862594,0.0,4.0
24.237083987568734,29.728507233072634,-2.7658624368625753,0.0,4.0
24.073268310887098,29.66388683418927,-2.76586243686258,0.0,4.0
23.921225406837813,29.60391044300332,-2.7658624368625877,0.0,4.0
23.74595320891311,29.53477078816388,-2.7658624368625815,0.0,4.0
23.581257361356027,29.469803188119986,-2.7658624368625633,0.0,4.0
23.415880543353154,29.40456696554419,-2.764211895867044,0.02033420951519834,3.8436834700209777
23.265071158121387,29.344473681217046,-2.7541779016424788,0.09369971480029067,3.368706351278545
23.10300279570622,29.27690156555352,-2.74657216504964,0.0,4.0
22.941389511443397,29.209519188300924,-2.746572165049641,0.0,4.0
22.77854373315294,29.14162294006358,-2.74657216504963,0.0,4.0
22.615930792408967,29.073823770154096,-2.7465721650496473,0.0,4.0
22.453657261798195,29.006166112507938,-2.74657216504966,0.0,4.0
22.279328299768224,28.93348211292747,-2.746572165049649,0.0,4.0
22.129456083254755,28.870995008115155,-2.7465758278305916,4.1513844662841305e-05,3.9996679168147966
21.966584380920395,28.803089295854882,-2.7477935757476994,0.013687910507364542,3.8934145793398556
21.802645808643476,28.735204399110494,-2.754698183215317,0.05928227256587169,3.5760117888672074
21.62427762023148,28.663623501274042,-2.765205131877292,0.05830644577238098,3.5822620626081596
21.45651432271855,28.598402865910625,-2.7737067167296283,0.032147803322709,3.758354328463037
21.288073067066033,28.534039154106683,-2.7839998494051184,0.08894476863389855,3.395904177295181
21.131744900476292,28.47705046898696,-2.804410542478432,0.13895368058913096,3.130117347717523
20.962768799565016,28.41999738794706,-2.821142610554,0.05796973954294589,3.5844237747342276
20.793145334548417,28.364673015920467,-2.827088180400716,0.008685909496828523,3.9316992325938784
20.623152535518685,28.30951974469331,-2.840483899771859,0.14144118943936204,3.117978753045244
20.4520701383121,28.258751596596134,-2.8658052002093783,0.24608943693299834,2.6806437686901705
20.352306620516696,28.232870636391286,-2.8928185579835874,0.06154027101260523,3.5616323587860808
20.193001623822564,28.19293873883365,-2.8959899155820525,0.0,4.0
20.02041465631247,28.14967754019323,-2.8959899155820676,0.0,4.0
19.847670740726592,28.106377000448557,-2.895989915582077,0.0,4.0
19.674304868766242,28.062920559139297,-2.8959899155820596,0.0,4.0
19.488818948979844,28.016426068062437,-2.8959899155820565,0.0,4.0
19.316310218435795,27.973184480548966,-2.895989915582063,0.0,4.0
19.16151260306872,27.934382417542288,-2.8959899155820628,0.0,4.0
19.058919585348058,27.90866612515495,-2.8959899155820574,0.0,4.0
18.900050288360518,27.868843441472652,-2.8959899155820623,0.0,4.0
18.717481974774657,27.823080286853102,-2.895989915582069,0.0,4.0
18.56153290889282,27.783989597595195,-2.8959899155820574,0.0,4.0
18.463001700325943,27.759291451219553,-2.895989915582066,0.0,4.0
18.305526078633054,27.719818110622846,-2.895989915582082,0.0,4.0
18.207159931243538,27.695161339007335,-2.895989915582076,0.0,4.0
18.05287114281205,27.65648682017999,-2.8959899155820694,0.0,4.0
17.877128085199445,27.612434505948276,-2.8959899155820747,0.0,4.0
17.69292100245052,27.566260572233922,-2.895989915582078,0.0,4.0
17.534601434228666,27.526575685313883,-2.8959899155820734,0.0,4.0
17.36158681981412,27.48320729133915,-2.895989915582065,0.0,4.0
17.18757003992771,27.439587691377223,-2.8959899155820636,0.0,4.0
17.013095279809146,27.395853292632506,-2.8959942567309414,4.7811112674192886e-05,3.9996175476695495
16.8369486056346,27.351701424323327,-2.9002102413273545,0.04592816252514212,3.6634856695232174
16.658681854689263,27.30860294530607,-2.918114806447425,0.14038561185750717,3.1231182633831907
16.467344772799354,27.2677000689097,-2.9483454470998467,0.20619151600567784,2.8320929304167963
16.301512786744663,27.238708793180322,-2.993420705114768,0.276124831851735,2.576905051766292
16.122568162233804,27.21623666927779,-3.0452127389622454,0.30424370394193895,2.4868084017284224
15.935377093088203,27.203310993925072,-3.0883855308805126,0.30121665109046164,2.4962037387490454
15.830943242456371,27.20070548737142,-3.129728683521043,0.1545369560066313,3.055595229033542
15.661672943674894,27.200063623727427,-3.1384170375943974,0.01174535389412903,3.9081937623487724
15.556727751355414,27.199834681344466,-3.139411114686392,0.0,4.0
15.38691038518854,27.19946421756601,-3.139411114686385,0.0,4.0
15.203303129024945,27.19906367055832,-3.139411114686343,0.0,4.0
15.02385179972832,27.198672189881147,-3.1394111146863555,0.0,4.0
14.837680317908037,27.19826604890656,-3.1394111146863795,0.0,4.0
14.653730546738283,27.197864754687878,-3.137183368800672,0.024853942616782726,3.810583931271488
14.47446771129837,27.19666453070621,-3.10604125347773,0.30778190531930205,2.4759158218695614
14.287356856830556,27.184834166789223,-3.036958471719356,0.4660150231506931,2.070361176658441
14.111292445543501,27.15852469325317,-2.98456642995437,0.09266627048217885,3.3745804335597653
13.92623525195801,27.12765789433544,-2.97631814488632,0.0,4.0
13.745577514525808,27.097524907088566,-2.976318144886309,0.0,4.0
13.641940443852327,27.08023865866492,-2.9763181448863163,0.0,4.0
13.473949422073101,27.05221842887121,-2.9763181448863296,0.0,4.0
13.29234319235079,27.021927236908137,-2.9763181448863514,0.0,4.0
13.099416987879444,26.98974791848231,-2.9763181448863363,0.0,4.0
12.920788690333755,26.959953433682596,-2.9763181448863167,0.0,4.0
12.753492210881602,26.932049050768082,-2.976318144886318,0.0,4.0
12.574080284104502,26.902123859750237,-2.9763181448863225,0.0,4.0
12.394393617206724,26.872152843180327,-2.977077595588341,0.008342022515810985,3.9343589776463816
12.214751154417652,26.842469649090354,-2.9810479290536938,0.0353228676838789,3.736063076575029
12.035216078496374,26.813988199737263,-2.9842910777611653,0.0002999937877540912,3.997601488774902
11.85493608773684,26.78539867646511,-2.9843300637291015,0.00012723405850897254,3.998982386482124
11.672989464721836,26.756549203840393,-2.987204488773297,0.031679012865276905,3.7616681336014737
11.494320346739475,26.72927726604121,-2.9914120200346845,0.014146376787140955,3.889942806750556
11.31401845824489,26.702229717363128,-2.9930343244115427,0.00385272352070234,3.9694138914738324
11.137449171534255,26.67586759156901,-2.994982779561149,0.017225227927461752,3.8667874109970715
10.953943539158042,26.649057663693693,-2.9966228697008406,0.0011254538944456952,3.991016589672711
10.773684134732513,26.622760090528534,-2.9970299698274734,0.005836903313574523,3.953843594444463
10.671025053572047,26.607870895500568,-2.997561617032353,0.0,4.0
10.504307321420956,26.583690932066673,-2.997561617032348,0.0,4.0
10.32586925496187,26.557811105928646,-2.997602151944821,0.00044898399122903984,3.9964113505624628
10.147173962237545,26.531908753687695,-2.9996563072193565,0.022329117901786044,3.829003460565378
9.968573319745142,26.506754504094435,-3.0021047797344105,0.004452009953806622,3.9646982478732578
9.776125686199775,26.479813710720638,-3.002867256450645,0.004348053976480618,3.9655154495614777
9.611665845655887,26.456922292879735,-3.0037264187794697,0.008365652481150208,3.934176099897226
9.508244334097844,26.442646135811632,-3.0044209576560563,0.0,4.0
9.34203963114512,26.419703477083633,-3.00442095765607,0.0,4.0
9.16351104441378,26.395059647120927,-3.004420957656063,0.0,4.0
8.985774355121514,26.370525129544507,-3.00442095765605,0.0,4.0
8.806888354642286,26.34583196270085,-3.00442095765605,0.0,4.0
8.628767395623104,26.32124440108267,-3.004420957656061,0.0,4.0
8.45112716860716,26.296723199020473,-3.0044209576560665,0.0,4.0
8.27254614982631,26.27207213141288,-3.004420957656083,0.0,4.0
8.093893304211711,26.24741114893222,-3.0044209576560688,0.0,4.0
7.91458421181625,26.222659579087487,-3.0044209576560585,0.0,4.0
7.734424812416454,26.19779063408389,-3.003706223499192,0.007920419197838086,3.9376247230985766
7.555676845617066,26.172855084057872,-2.994589170727691,0.09327476238696614,3.3711192971587947
7.377804296913591,26.14498525192872,-2.9838364547449263,0.02614364254946511,3.8012433074528142
7.201418692326708,26.11650038676927,-2.9814790052335254,4.394145615965991e-05,3.9996484992416326
7.0234196792526475,26.08775352854926,-2.977186139495795,0.04792479842044201,3.650135941584687
6.846975686252685,26.057696880705816,-2.9524448936603074,0.22779874480004855,2.7480124337799854
6.67162225297766,26.020406758929756,-2.924269336169581,0.08785475788258545,3.402200923241431
6.498812826044335,25.9808188430907,-2.916394191782689,0.0,4.0
6.325356154163841,25.9410826536363,-2.9137169421524756,0.03025339529100111,3.7717816005730755
6.153051653697904,25.900635539513924,-2.89396197428306,0.19274474743374254,2.8870662786097703
5.982171456535984,25.854318820817852,-2.874393531476906,0.02843624060418198,3.784751775755049
5.811961346686499,25.807263755574578,-2.8718762677284504,0.0,4.0
5.644875066655511,25.761072281900855,-2.8718762677284566,0.0,4.0
5.476870606079426,25.714626974624107,-2.8718762677284575,0.0,4.0
5.307998728464862,25.667941867459003,-2.8720877582410824,0.0024269334982313464,3.9806783168940933
5.139993901515224,25.621573145717424,-2.87331868923133,0.011541505134750921,3.9097511735106565
4.969796116490494,25.574969705688694,-2.8753652567925623,0.011108123037936268,3.9130663549472735
4.788954525535171,25.525844431652846,-2.8772358557463757,0.011251206774843115,3.9119712061253034
4.636113715435186,25.484644515203254,-2.89147773320981,0.14688804341948228,3.0917250988716702
4.4616402612433665,25.442227309825686,-2.9217891008852406,0.21412520313289124,2.800629345142746
4.290623437063121,25.40745744042931,-2.9416322823365384,0.007028608543204603,3.944550595964206
4.118166841306563,25.372615971293143,-2.9608764678383586,0.21218846830109828,2.808245413985617
3.944870581803229,25.34428510001009,-2.9880026810170963,0.09685444699680353,3.350900726405597
3.7720372237071493,25.319031921597126,-2.996506448387157,0.0,4.0
3.5990734512326013,25.293759687964716,-2.996506448387159,0.0,4.0
3.4249959521903177,25.268324724544325,-2.9965064483871493,0.0,4.0
3.250917437873714,25.242889612779287,-2.99650644838716,0.0,4.0
3.076881084918045,25.217460661331806,-2.996506448387157,0.0,4.0
2.903462000887608,25.192121900820084,-2.9965064483871497,0.0,4.0
2.7296684407360723,25.16672842452663,-2.996506448387143,0.0,4.0
2.555078405682471,25.14121857299737,-2.9965064483871426,0.0,4.0
2.3813503152298234,25.115834662669684,-2.9965064483871684,0.0,4.0
2.211945512582233,25.091082440341786,-2.996506448387184,0.0,4.0
2.0335697850511387,25.065019450410297,-2.9965064483871644,0.0,4.0
1.8627843335494139,25.04006549751242,-2.9965064483871475,0.0,4.0
1.6822665609359826,25.013689527220947,-2.9965064483871644,0.0,4.0
1.5107966229172876,24.988635562031902,-2.996506448387167,0.0,4.0
1.3313756766537204,24.96241985218903,-2.9965064483871546,0.0,4.0
1.1596882407804823,24.937334107763693,-2.996506448387144,0.0,4.0
0.9792046911804896,24.910963137895017,-2.996506448387152,0.0,4.0
0.8029965700258025,24.885216863157602,-2.9965064483871595,0.0,4.0
0.6306648210856434,24.860036976299277,-2.996506448387168,0.0,4.0
0.45813230268784644,24.834827754438795,-2.9965064483871804,0.0,4.0
0.28614181683668505,24.80969773051068,-2.9965064483871813,0.0,4.0
0.10071709523695731,24.78260479180768,-2.996506448387178,0.0,4.0
-0.06089748938483159,24.75899082061283,-2.9965064483871506,0.0,4.0
-0.2358262975263275,24.733431469974576,-2.9965064483871413,0.0,4.0
-0.4125281344820818,24.70761305700327,-2.9965064483871413,0.0,4.0
-0.588001714696826,24.681974108152545,-2.99650644838714,0.0,4.0
-0.7645352481441648,24.656180286490304,-2.9965064483871613,0.0,4.0
-0.9421071492727491,24.630234745943465,-2.99650644838716,0.0,4.0
-1.1221330850167406,24.60393063934978,-2.9965064483871564,0.0,4.0
-1.2972352482043943,24.57834595930778,-2.996506448387156,0.0,4.0
-1.4803718822717273,24.55158733964663,-2.9965064483871564,0.0,4.0
-1.657065153268223,24.525770178272243,-2.9965064483871697,0.0,4.0
-1.828524109672738,24.50071781763839,-2.9965064483871773,0.0,4.0
-2.005780816786467,24.474818330994452,-2.9965064483871675,0.0,4.0
-2.180519439443119,24.449286768903697,-2.996506448387145,0.0,4.0
-2.355215111169583,24.423761482496726,-2.996506448387148,0.0,4.0
-2.5295437544694823,24.398289823667447,-2.9965064483871684,0.0,4.0
-2.705433288186175,24.37259009865574,-2.9965064483871737,0.0,4.0
-2.8803707229401887,24.347029487558355,-2.9965064483871675,0.0,4.0
-3.055311902906461,24.321468329237252,-2.996506448387151,0.0,4.0
-3.2298661550198853,24.295963706056167,-2.9965064483871626,0.0,4.0
-3.403420549051943,24.27060517501144,-2.9965064483871684,0.0,4.0
-3.5783441714389777,24.24504658207867,-2.995249419922064,0.014520711520707035,3.887112715227421
-3.7495968507665047,24.21957983575769,-2.965890166763066,0.3165548022670119,2.449315091219075
-3.9233110049412216,24.183803531857187,-2.8862421842063157,0.6065316195235869,1.8074494797185212
-4.087330772697234,24.13141470273988,-2.7807167171302725,0.5942652683305768,1.8277103896856948
-4.246730120338782,24.06174411627105,-2.6759061296084647,0.6446255102484911,1.7472963708154754
-4.3909024725185715,23.978854366091646,-2.560964770957582,0.6659473826316389,1.7153432734553047
-4.532982801241725,23.873943402878474,-2.448108079370392,0.6758116339385338,1.700952722589366
-4.656952198742875,23.757710848322933,-2.3310373105608697,0.6848615104226635,1.6879609831249904
-4.765054929807666,23.62989079117038,-2.214160098608353,0.6822702103308472,1.6916606563573302
-4.8601179853875625,23.48674561255783,-2.0988683726735395,0.692827434398453,1.6766884650071843
-4.935879221228641,23.337047532201076,-1.9805097674263952,0.6930499123156884,1.676375798995732
-4.994272891415448,23.177839732903895,-1.8641445660728129,0.6957854636466372,1.672540820073904
-5.033088660112014,23.01522894515982,-1.7471217840682935,0.7055080049426369,1.6590516129299102
-5.052320928544498,22.85204898582811,-1.627406413113462,0.7179785853988113,1.6420649952110005
-5.051913715656078,22.68304535552529,-1.5073972413726962,0.7375075319617489,1.616151779560902
-5.031181363758871,22.51905941739165,-1.3825553791754843,0.7377440168649254,1.6158429956024254
-4.989425667080275,22.35501779789331,-1.2592396070119884,0.748490087262785,1.6019350256795717
-4.928493795168968,22.200198305163692,-1.1593572050261272,0.4263278787953945,2.159062731223008
-4.854526762305982,22.045860034306067,-1.1234829606246837,0.004730173450664802,3.9625132500533797
-4.781139387675762,21.893047302811013,-1.1230781822300966,0.0,4.0
-4.706313914520173,21.73724005400385,-1.1230781822300957,0.0,4.0
-4.632855575424111,21.584279554940885,-1.1230781822301024,0.0,4.0
-4.557927236508386,21.428258111282585,-1.1230781822300981,0.0,4.0
-4.48671258732924,21.279969592741608,-1.1196510602728018,0.03922008629182199,3.7090606430369784
-4.410009447581065,21.122938294583175,-1.101631157752452,0.17523908467219018,2.96191385451413
-4.3313739318059605,20.973531001717653,-1.069659161583249,0.19605984705615062,2.873316150125036
-4.247281498634975,20.825870198100482,-1.0343120122230662,0.21970009567625787,2.7789352982101847
-4.157105063834015,20.68047504526472,-0.9943707754068063,0.24970579266142653,2.6677131477136884
-4.061214340051767,20.539644558980115,-0.9673969417643776,0.06534074305720855,3.537689481187125
-3.962969107440981,20.398767025196037,-0.9618306393963328,0.0,4.0
-3.864063325819994,20.256942305344726,-0.9618306393963287,0.0,4.0
-3.7664155758302114,20.11692152436065,-0.9617340406850317,0.0011245225614921206,3.99102400692152
-3.668113247649533,19.976019960003953,-0.9573333654845472,0.0504675181035319,3.633275232824619
-3.569299175639122,19.836960823116303,-0.9464406191810263,0.07613387167383545,3.471415409389873
-3.467694625198648,19.697855949774436,-0.937896702990459,0.024254259100744552,3.8149427787780077
-3.36742639027191,19.561766778017798,-0.9358076771060893,0.0,4.0
-3.2695650799408016,19.42894440730677,-0.9358076771060778,0.0,4.0
-3.1731436056418096,19.298076255628516,-0.9358076771060865,0.0,4.0
-3.0772228777624107,19.167887742577104,-0.9358076771060927,0.0,4.0
-2.98104910729584,19.037355787196905,-0.935807677106087,0.0,4.0
-2.8856856992905735,18.907923697155532,-0.935807677106087,0.0,4.0
-2.790926181029023,18.779311237130734,-0.935807677106082,0.0,4.0
-2.696318767355109,18.650905221224225,-0.9361273007130902,0.0039902711151512255,3.968330570299921
-2.6013746199227628,18.521869907403257,-0.9519371954195646,0.19106971738030762,2.894064013659226
-2.5093423392369516,18.388367228552827,-0.9884363387319824,0.2529459597525013,2.656233125492053
-2.4200728097162947,18.246563971801095,-1.009870384318579,0.010946259808722691,3.914305979553932
-2.3303064588885025,18.103387239876433,-1.0107874761216569,0.0,4.0
-2.2417166916701343,17.962087150975353,-1.0107874761216629,0.0,4.0
-2.153743975459816,17.821771254323913,-1.010787476121667,0.0,4.0
-2.0688012135657994,17.68628811463417,-1.010787476121667,0.0,4.0
-1.979936707636086,17.544549819317645,-1.0107874761216717,0.0,4.0
-1.8951757678315757,17.409356684650128,-1.0107874761216615,0.0,4.0
-1.806096837111413,17.267276383220437,-1.0107874761216618,0.0,4.0
-1.7223330708407014,17.133673733700356,-1.0107874761216757,0.0,4.0
-1.6364323923511401,16.996662723418325,-1.0107874761216655,0.0,4.0
-1.5516630908502589,16.861456251900773,-1.0107874761216624,0.0,4.0
-1.4671816751659192,16.726708956343916,-1.0107874761216677,0.0,4.0
-1.3816934088339414,16.59035574070748,-1.0107874761216582,0.0,4.0
-1.296303422071387,16.454159280329954,-1.010787476121655,0.0,4.0
-1.2109314316167623,16.317991523943757,-1.0107874761216573,0.0,4.0
-1.1272979689640277,16.18459670782682,-1.0107874761216546,0.0,4.0
-1.0393850277451122,16.044376151888702,-1.0107874761216626,0.0,4.0
-0.9534046743753943,15.907238060703282,-1.0107874761216669,0.0,4.0
-0.8670550661079663,15.769511010414439,-1.0107874761216658,0.0,4.0
-0.780364125695804,15.63123953762726,-1.010787476121668,0.0,4.0
-0.6941315457502616,15.493699146732673,-1.010787476121666,0.0,4.0
-0.6083644828589626,15.35690125244029,-1.0107874761216653,0.0,4.0
-0.5241572440706873,15.222591267207244,-1.0107874761216709,0.0,4.0
-0.4398459036184616,15.088115240513282,-1.010787476121672,0.0,4.0
-0.35531006624524,14.953281142724988,-1.0107874761216684,0.0,4.0
-0.27021799806759883,14.817559860506913,-1.0107874761216613,0.0,4.0
-0.18456518735218022,14.680944197674394,-1.0107874761216584,0.0,4.0
-0.09777239298697446,14.542510268510236,-1.010787476121664,0.0,4.0
-0.010215101176644552,14.40285697101097,-1.0107874761216669,0.0,4.0
0.07763484580429965,14.262736890463009,-1.010787476121668,0.0,4.0
0.16492524607100506,14.123509283198914,-1.0107874761216604,0.0,4.0
0.251708614881849,13.985090387731212,-1.010787476121657,0.0,4.0
0.3371290552504047,13.848845354054864,-1.010787476121664,0.0,4.0
0.4214617259022966,13.71433530583445,-1.0107874761216642,0.0,4.0
0.5054254466957576,13.580413730181842,-1.010787476121664,0.0,4.0
0.5906493536472217,13.444482165997275,-1.0107874761216633,0.0,4.0
0.677100735366443,13.306592787730409,-1.0107874761216593,0.0,4.0
0.7620952211054735,13.171027148852238,-1.0107874761216642,0.0,4.0
0.8493727295692112,13.031820103928045,-1.0107874761216713,0.0,4.0
0.931031576028526,12.901574787493024,-1.0107874761216655,0.0,4.0
1.014680546631805,12.768155236298217,-1.0107874761216593,0.0,4.0
1.100203627544597,12.631746491637172,-1.0107874761216624,0.0,4.0
1.1867476979100253,12.493709275596705,-1.0107874761216649,0.0,4.0
1.2701321946625692,12.360711558433007,-1.0107874761216673,0.0,4.0
1.3544814882348009,12.226174996765321,-1.0107874761216713,0.0,4.0
1.4404094460336077,12.089120476166665,-1.010787476121666,0.0,4.0
1.5269809768864717,11.951039460831566,-1.0107874761216573,0.0,4.0
1.6150256829282423,11.810608740878257,-1.0107874761216602,0.0,4.0
1.7044922866088483,11.6679101036577,-1.0107874761216642,0.0,4.0
1.793896899314565,11.52531034162937,-1.0107874761216673,0.0,4.0
1.8797162036731527,11.388429122544471,-1.010787476121664,0.0,4.0
1.9672396385516562,11.248829826626057,-1.0107874761216653,0.0,4.0
2.055216307390294,11.108507625558762,-1.0116727950712319,0.010669229815267854,3.9164294287390105
2.143122983416567,10.967744435108912,-1.0145535513617885,0.02346506476706243,3.820694320622873
2.232722763394937,10.823002505399927,-1.0184675378946817,0.02348838847663731,3.8205240918906416
2.3203079483580167,10.680253039995574,-1.0228496819031838,0.028361534667947077,3.7852869082472393
2.4075045782334863,10.536608068610896,-1.0305510997770384,0.06233082313923664,3.5566252421215534
2.494642001533632,10.389581475807601,-1.0424518151030266,0.07998270796420383,3.448378671530046
2.577653792472488,10.245104608474602,-1.058491389913201,0.11200647773184501,3.2679392666106946
2.6568792336962357,10.101102668950391,-1.080408016529787,0.1554555213731032,3.0513130712671885
2.7313005638622325,9.957315692229614,-1.1063919960941477,0.15201677160196672,3.0674057587293624
2.807213580116823,9.801001922973107,-1.1248402282041654,0.07393748475289012,3.4847000816841645
2.8779060125670726,9.650659290348928,-1.1313415813435084,0.0009251156758004098,3.9926127427286024
2.948871960755677,9.49967458343486,-1.1314184276785568,0.0,4.0
3.021667512328851,9.344797275381245,-1.131418427678555,0.0,4.0
3.093052775108486,9.192920449186769,-1.131418427678558,0.0,4.0
3.164220490950783,9.041506468362677,-1.1309758971799657,0.005205857728886129,3.958782285286329
3.236674892867342,8.887705899116247,-1.1294876472785438,0.012522202777051752,3.9022699683315074
3.3086548431755975,8.735747802958803,-1.128369912954282,0.0006390071414564797,3.994894467811407
3.3800425496292155,8.585081671787208,-1.128316190372934,0.0,4.0
3.453379254315279,8.430302114958304,-1.1283161903729317,0.0,4.0
3.525290789931098,8.278530424900111,-1.1283161903729328,0.0,4.0
3.5975420749657285,8.126041682382285,-1.1283161903729295,0.0,4.0
3.66870430889836,7.975851418472861,-1.126644198793076,0.019566746625802156,3.8493610551262294
3.7423901054099784,7.821651408178935,-1.1155427700824,0.11758217284252329,3.238435447050992
3.8147055448144283,7.677616458555497,-1.10085270574195,0.05309021280825953,3.6160466297987854
3.8945672947750096,7.522028065730056,-1.096574432666215,0.0,4.0
3.9711666716571794,7.372795498870333,-1.096574432666211,0.0,4.0
4.046252705619413,7.226511259499339,-1.0922132011487953,0.05236199598842792,3.620813912841861
4.123602056889439,7.078978858251739,-1.084314635595401,0.04264499704133077,3.685650859963
4.202924743852211,6.9302761332891984,-1.080762736873302,0.0,4.0
4.2818788201721425,6.782264426358691,-1.0807627368733033,0.0,4.0
4.360260834229704,6.635325139192563,-1.080762736873304,0.0,4.0
4.438067745968134,6.489463970850466,-1.0807627368733042,0.0,4.0
4.515143575926403,6.344973329113592,-1.0807627368733062,0.0,4.0
4.592325653174187,6.200283510292886,-1.080762736873305,0.0,4.0
4.669016215598444,6.056515112523544,-1.0807627368733013,0.0,4.0
4.745218557191088,5.91366196070494,-1.0807627368733046,0.0,4.0
4.821339561353174,5.770961288561804,-1.0807251330443777,0.0004648089477422522,3.9962849819653092
4.897503949481687,5.628205135993207,-1.0783041929081836,0.02927237863483772,3.778772671188015
4.97483786389621,5.484900642537215,-1.0737354229310223,0.027537782214108887,3.7911976495899036
5.051363165094732,5.344589672873122,-1.0714728644650642,0.00025949749336890885,3.997925096917346
5.126787263188732,5.206311329944862,-1.071452127672276,0.0,4.0
5.200263026243271,5.071604956022983,-1.0714521276722735,0.0,4.0
5.279007099904126,4.927239954698429,-1.0714521276722753,0.0,4.0
5.357241214240174,4.783809884412853,-1.0714521276722784,0.0,4.0
5.434538766859775,4.64209685424407,-1.07145212767228,0.0,4.0
5.515027126637876,4.494533975848647,-1.0712859131824066,0.0020251565828982554,3.9838641027737913
5.593678703324196,4.350453876588742,-1.0699786848310555,0.014470619582741664,3.887491187780729
5.669296706550899,4.212693367597811,-1.065683820051768,0.03802452780419768,3.7173026444769377
5.748808685134128,4.0699089289363215,-1.0548789802777594,0.0984056288698278,3.3422145506506644
5.828294542380788,3.9323497427397727,-1.036468209557519,0.13124603226633097,3.1683367463229835
5.910177820207974,3.7972088282573484,-1.0215756430784422,0.05571300697833685,3.598980003860096
5.994482850355006,3.6608150679888958,-1.0165973183319212,0.007097228988934621,3.9440168189987133
6.080077011193448,3.5226897476831374,-1.0160283148589022,0.0,4.0
6.164752406213675,3.3860470614926514,-1.0160283148589015,0.0,4.0
6.2485409814978645,3.250835457269599,-1.0160283148589013,0.0,4.0
6.331659385321594,3.1167053245713467,-1.0160630022326664,0.00043619492587299355,3.9965134821957666
6.4154265311839325,2.9815074368305647,-1.0242114536955904,0.10248643114195122,3.3195768346337777
6.496623122528189,2.8455689682329144,-1.052263108925233,0.2407056737838523,2.700127825109149
6.575819639674389,2.7004197066772058,-1.0793362368532802,0.1012817275052923,3.3262278038914737
6.649338968766356,2.560260162604306,-1.0877097669131486,0.0,4.0
6.723030095381648,2.4197730983698436,-1.0877097669131526,0.0,4.0
6.796853139075028,2.2790345432995864,-1.0877097669131526,0.0,4.0
6.8696650546894515,2.140223634363977,-1.0877097669131548,0.0,4.0
6.945590408829584,1.9954771690290884,-1.0877097669131532,0.0,4.0
7.020282346316828,1.8530821277054925,-1.0894136229486229,0.0209008977294394,3.8395019258323835
7.095528389595808,1.7084428789312747,-1.0964539326555687,0.06754997929682657,3.52391872602643
7.1672340515274024,1.5668725278842115,-1.1029726627911676,0.012291382274938277,3.904028194108159
7.241345676991028,1.4198278075318793,-1.1039479488160653,0.0,4.0
7.312237118186883,1.279172248018693,-1.103947948816061,0.0,4.0
7.383116526208823,1.138540563500583,-1.1039509703297876,3.870937560413081e-05,3.999690348967963
7.453377998317484,0.9991328190399383,-1.1040282304995266,0.0009696080890039506,3.9922581484118163
7.522252465711952,0.8624260868606938,-1.1045134346808456,0.005322516910509311,3.9578683574755336
7.591377108376668,0.724943403307387,-1.1060604979198247,0.01465452497075732,3.886102041196742
7.660931508456791,0.5858209294179926,-1.1075349148133171,0.004295832847707961,3.965926088871686
7.733051092173106,0.4413216538822238,-1.107885821388337,0.0002054468412969932,3.998357100326721
7.806160632996277,0.29482664546704296,-1.1080564759443043,0.0018801719042674855,3.98501497361704
7.879296115806708,0.1481666235841752,-1.109686538008948,0.018482629004873272,3.8574098496580524
7.950151505051286,0.005008461577199587,-1.1145457771160716,0.04251990832875897,3.686500659784138
8.018986706542282,-0.1364587344369997,-1.1209734027889788,0.038254159574083894,3.7157167565274065
8.087474745059547,-0.2794008286388802,-1.1241259063272018,0.001784158476562853,3.9857774826373182
8.156855609568579,-0.4243122165564986,-1.1242673031486743,0.0,4.0
8.227465946093455,-0.5717915242814388,-1.1242673031486616,0.0,4.0
8.298277012569255,-0.7196900838561526,-1.1242673031486545,0.0,4.0
8.367012184064567,-0.8632528539459411,-1.1246977616391542,0.005473920930287751,3.956682861737251
8.434807015612513,-1.0051670305648526,-1.127090658504512,0.025610905381291453,3.8050960882349836
8.500143800987914,-1.143343943479759,-1.132029949874812,0.03716325081349473,3.72326289442017
8.566618398610522,-1.28605043873309,-1.1384879731745934,0.04624376240711608,3.661369040053949
8.631656935735455,-1.428363541334608,-1.1466024212351278,0.058427197227595824,3.5814874524903706
8.694056864374462,-1.5682359908269585,-1.1451303786982194,0.07672639556518566,3.4678489061351554
8.759944306297797,-1.7113176717812402,-1.0967091081744038,0.5526226303883752,1.9000161522862955
8.836111928819063,-1.8450825171034928,-0.9904189939114841,0.8077338591803886,1.5293631696998986
8.929162083392862,-1.969386518201792,-0.8654836560425649,0.8483117534108319,1.4833364724000877
9.03217453730139,-2.075362136639385,-0.7375396128290569,0.778440564521765,1.5644059297728505
9.156030770212526,-2.175516672221854,-0.6242985390243837,0.7318780603702373,1.6235373161844493
9.284407644327365,-2.2570755032404506,-0.5100626889850326,0.726682362589815,1.6304139205014163
9.42258461682793,-2.324637828532311,-0.40162667279381903,0.6907519226590599,1.6796109768471452
9.567145998942346,-2.3771578717123423,-0.30121392229288774,0.616626292531492,1.7911095353717854
9.715483974707015,-2.4156319438788985,-0.2080541619111436,0.5873798273655132,1.8392837071895738
9.869045588154831,-2.4408916066477424,-0.12489499788311251,0.48752991637524656,2.0252551004642476
10.024866998423198,-2.4544745116144537,-0.04873725310933273,0.49201236751490784,2.016103896980845
10.180153137610157,-2.4560661507313455,0.02735877393127681,0.47000463624253813,2.061845815239922
10.339822303533616,-2.4458555700830407,0.10083924952802253,0.4678616498820658,2.0664110415405967
10.496349581282253,-2.424072622420386,0.17272923742907248,0.4438680319484449,2.118940288581828
10.648221203928205,-2.3920498913639627,0.2179535577804549,0.12761283441875018,3.1866779809438666
10.803084478249186,-2.3561395461854673,0.2278571755522498,0.0,4.0
10.960306155609292,-2.3196823246247167,0.2278571755522442,0.0,4.0
11.11307599078086,-2.284257414891103,0.22785717555224255,0.0,4.0
11.254307684837675,-2.2515080176827516,0.22785717555224055,0.0,4.0
11.358109647487556,-2.2274379834844806,0.22785717555223584,0.0,4.0
