23.82140085795336,10.470722741395036
23.527501845221014,11.426743470164014
23.2326927483111,12.405764139125576
22.952751538036466,13.366047501834835
22.683802879699673,14.377901898320419
22.415002468323816,15.343501466397527
22.120874554039563,16.324616701460844
21.790093193768925,17.314805512489432
21.474753249043992,18.297821239500696
21.2053294636041,19.282277475067463
21.07244528991313,20.285185969463136
20.80176315867823,21.267407746465103
20.352366723519737,22.184991901169642
19.881770124269902,23.110039570694745
19.278441664946026,23.918255136016928
18.509767964726592,24.57532738592165
17.571234725699313,24.990441897720626
16.59513757025135,25.314624649963665
15.60139835014537,25.518678863621314
14.598735403349483,25.526271832287772
13.574189948804031,25.505780923196863
12.549644494258578,25.485290014105953
11.525099039713124,25.464799105015043
10.50055358516767,25.444308195924133
9.476008130622219,25.423817286833224
8.451462676076765,25.403326377742314
7.426917221531312,25.382835468651404
6.402371766985858,25.362344559560494
5.3778263124403995,25.341853650469588
4.353280857894941,25.32136274137868
3.313912062376313,25.304112572316086
2.3017044596108973,25.288758305206283
1.2842687320019932,25.265618695019352
0.25562388245098333,25.22356178749053
-0.7590061107305119,25.179124578133518
-1.764547559180839,25.143193182575587
-2.797678473171719,25.11463869288398
-3.810939420079067,25.091580689497345
-4.814357004309615,25.077468646349022
-5.833628233014153,25.076642741378677
-6.858173687559606,25.076642741378677
-7.88271914210506,25.076642741378677
-8.907264596650514,25.076642741378677
-9.931810051195967,25.076642741378677
-10.953678587492599,25.07829401909951
-11.970796008427953,25.08457740152049
-12.99744699345688,25.083661154219826
-14.019358656590976,25.076021078084437
-15.044029577298158,25.066037723932194
-16.055339573866092,25.04110913593497
-17.080048447812256,24.997166654879155
-18.10831741294355,24.94386414275479
-19.11305893841282,24.875843370468704
-20.136216008482798,24.8210382423872
-21.16581356351119,24.742737262839753
-22.15976817769512,24.600869602894235
-23.197579928367755,24.43215903119967
-24.193750325194983,24.204700104146337
-25.13621491827428,23.869031162137972
-26.064591917412166,23.428075791449842
-26.968386955875307,22.94087603475432
-27.815899174765587,22.395952393131893
-28.61267315059202,21.760645462793264
-29.374083379506285,21.11203976573552
-30.12690273484095,20.42075616154966
-30.829214294217316,19.701447607561324
-31.326896150472145,18.80454609588826
-31.908673314798467,17.970539413324538
-32.610610169304614,17.246404427369534
-33.46010713287081,16.68248491289243
-34.345494700212626,16.199352521390285
-35.293092325539625,15.856257662648114
-36.32766219566868,15.706138593915677
-37.36770538728887,15.632418156437879
-38.36111715844109,15.765359967680894
-39.30304322910498,16.195111675111743
-40.172248910438014,16.735164378498386
-40.990538778509006,17.372911154148596
-41.67857933472456,18.102158787854265
-42.22302452525449,18.98821488493229
-42.74982497975015,19.862447039924472
-43.2684019617076,20.733593803976863
-43.79613106958433,21.631194687437205
-44.31705595739766,22.522807534690166
-44.823778733826224,23.40016775119946
-45.346512846316564,24.31327536829798
-45.85489277856537,25.203063524897626
-46.35471935584327,26.097812035039073
-46.85237129549379,26.975272765393058
-47.44711986180343,27.838614015607263
-47.9249285743237,28.723347549492885
-48.262888247359825,29.673604310282574
-48.56330133027071,30.67758993549514
-48.71470216628295,31.700651681567013
-48.62440409711349,32.728917173974416
-48.462470228273375,33.75843480276057
-48.12939627715257,34.705709030428
-47.56511355438994,35.53534229061428
-46.88985744364215,36.291297083249525
-46.11207529698887,36.961689676866676
-45.241119888382464,37.475451019683106
-44.248844143809016,37.74935805928573
-43.257251438675894,37.9082248300421
-42.247018072523794,37.969740811954786
-41.23157821453584,37.86857096820725
-40.2150405364313,37.717359877762675
-39.21132979131743,37.54403644180625
-38.233811539756545,37.32449355172062
-37.24636882193358,37.1008931000739
-36.2609981536647,36.89393255879676
-35.23523687722637,36.687770418218385
-34.236737428379605,36.50060213831556
-33.23957421304923,36.340104310004754
-32.23511632920507,36.2110594619622
-31.227613692879387,36.08842172956024
-30.23317026448803,35.97678737358904
-29.20412495311458,35.8005910838922
-28.204387674235424,35.6934388252765
-27.183152346310543,35.68723412205031
-26.15153918463106,35.74459281099223
-25.13642243064199,35.849290308653686
-24.112144144304377,36.01526885807802
-23.108149921244863,36.19872049450107
-22.11446771826932,36.452343412848634
-21.14930566284206,36.78441882241701
-20.185199781156143,37.150102739938994
-19.276310356982453,37.583102549646895
-18.427629167206515,38.11902078413434
-17.586761812194396,38.70980742832744
-16.780944876314646,39.34565690555496
-16.033313264676643,40.03337684500578
-15.2927732755489,40.7897424491782
-14.596050181699331,41.562509697986215
-13.971068010920941,42.3754052990044
-13.305993518171885,43.15713469551724
-12.501187433697364,43.82824253157882
-12.063002551015177,44.73924191129076
-12.112216246962632,45.74623402498297
-12.647334974502145,46.63337881960128
-13.338363048934863,47.36630364374265
-14.22289422499399,47.839596540416785
-15.22632115526192,47.8845026208695
-16.253897199815952,47.92428349849832
-17.27248895741612,47.97490961390885
-18.312828453325814,48.044395821172394
-19.312273191416946,48.1043223126409
-20.317188233014143,48.15291910501504
-21.3417336875596,48.19390092319686
-22.366279142105054,48.23488274137868
-23.39082459665051,48.275864559560496
-24.415370051195964,48.316846377742316
-25.43991550574142,48.35782819592413
-26.46437230851339,48.38466313085679
-27.47958373376978,48.4137575492901
-28.48479187811744,48.46678320211662
-29.51792186020906,48.55791577949685
-30.531514324579682,48.65648887368757
-31.534223498916695,48.76270196586894
-32.56719951973145,48.86624123703848
-33.575649184469555,48.982090560320394
-34.56674357684026,49.123885223349724
-35.56147342094639,49.295668540824714
-36.5743870170979,49.47699578757331
-37.558412915376145,49.66388531347103
-38.55142695207822,49.86939628078949
-39.53452796781489,50.06640044159715
-40.571526568162255,50.26082172113844
-41.589738157541554,50.4378382146449
-42.587571232740444,50.618209713937496
-43.589006414832326,50.811468195924135
-44.58427914210505,51.01052274137868
-45.57955186937778,51.20957728683323
-46.57482459665051,51.408631832287774
-47.570097323923235,51.60768637774232
-48.56537005119596,51.80674092319686
-49.56064277846869,52.00579546865141
-50.55591550574142,52.20485001410595
-51.551188233014145,52.4039045595605
-52.54306559048029,52.61662356205441
-53.55557336140601,52.83080174294352
-54.54384455938067,53.01604901395462
-55.54657612685046,53.17438965175162
-56.57263685918214,53.324347851133155
-57.56987099829282,53.453048908615216
-58.5946371576605,53.58331778756636
-59.61592792509586,53.693771995788985
-60.61734902956167,53.764695473110066
-61.64210330296819,53.79305566871378
-62.654824608411204,53.81431118250911
-63.67009732392323,53.824802741378676
-64.69464277846869,53.824802741378676
-65.71918823301414,53.824802741378676
-66.76500772754065,53.837949373304575
-67.80133003230917,53.866072200916555
-68.80557034705036,53.85654014327614
-69.82807602620542,53.78377195457683
-70.8282191996201,53.68827931571062
-71.82707739366991,53.5853630542501
-72.74894678797331,53.9749710320538
-73.76932003319962,54.2005994572918
-74.73658617047958,53.84558626073147
-75.25110523897723,52.9602915858281
-75.41825774806792,51.939462859198294
-75.26074008994165,50.94109948888232
-74.61190888062725,50.15387971479055
-73.87995662365735,49.449107703769066
-73.14731878227352,48.7320867055587
-72.44037774357274,48.024721871681194
-71.72036664477295,47.27220447793263
-70.99380140747164,46.50976177797529
-70.27902435345656,45.764247684764996
-69.5588718213735,45.0204057539634
-68.85255405293508,44.29777385571029
-68.12585284524836,43.55447061007833
-67.41620595599609,42.82884734319675
-66.68688066494448,42.10260885445476
-65.94396820489457,41.36725014399244
-65.22530571041996,40.63361720952059
-64.53112209635474,39.8938618897428
-63.823226342630804,39.148388920571094
-63.12486859480337,38.38334594807691
-62.47174379208618,37.6118775873333
-61.853791736094315,36.792459481219666
-61.243128641988356,35.936593390312346
-60.67104422371043,35.09931299955243
-60.12799633326398,34.253756360074306
-59.57223622509504,33.377657246147315
-59.04349237038348,32.498625695654844
-58.561047491796295,31.61941487388157
-58.125236167491146,30.662813100156676
-57.71727937074343,29.72706512271957
-57.303612024133365,28.793438103925403
-56.88726877098157,27.871495253766444
-56.469642741086076,26.954112167925356
-56.03846279601524,26.02070993133657
-55.5916477869722,25.085012240430714
-55.137157215201235,24.148818102517016
-54.701541014169784,23.23917136436308
-54.26462131567638,22.29539311942565
-53.85271880514785,21.37582503452344
-53.42820034262849,20.453269386818555
-52.976500526261795,19.512055414582363
-52.513174815855535,18.57284150866423
-52.05459319423614,17.654489541019046
-51.59976467235762,16.759759031993088
-51.147080031454955,15.86418861164746
-50.68183939821003,14.96226055273547
-50.212350962523416,14.07823610462137
-49.73200168933456,13.160101637478325
-49.23570236331704,12.241720466846441
-48.7302752059637,11.370986786190004
-48.15179179788992,10.48315583597623
-47.59066812063856,9.65182499547171
-47.01210850556075,8.802050799881227
-46.44368746512756,7.977888478608325
-45.85176052167786,7.123427337468962
-45.256766118929754,6.2710749487402815
-44.670150121117764,5.4392756408144765
-44.05210812163721,4.584799316410093
-43.436520305494405,3.7350039165433864
-42.834641415876455,2.8968600433044775
-42.25003099785993,2.0659321435524056
-41.67461486081263,1.2281731911128249
-41.096532636252775,0.39919159675434945
-40.5069677334116,-0.42885142922841335
-39.87679955710882,-1.2554042066985636
-39.24540936636349,-2.089534007820367
-38.640871004975025,-2.9165199175870615
-38.05136131371366,-3.789373036970155
-37.495071002032844,-4.670166330137132
-36.943327257553264,-5.509753910107034
-36.36716750217077,-6.339329641506553
-36.16857187254192,-7.338803877570858
-35.71265809434967,-8.24916002453177
-34.92895510000429,-8.915776379704058
-33.915203953503294,-8.984870059813556
-32.90017253736343,-8.776048157112431
-31.90796204926877,-8.550046967696028
-30.912689550515893,-8.279359352632103
-29.926498238370474,-7.999027012305209
-28.944823649943924,-7.727445000790676
-27.959481301644633,-7.472685865872393
-26.983686932044716,-7.222791555546345
-26.000505747582917,-6.9634973727785345
-25.011621667932083,-6.68428281194644
-24.010757359735717,-6.400524420537639
-23.043599621455893,-6.134035548321052
-22.047206414832328,-5.872826349530411
-21.0519336875596,-5.614055440439501
-20.05666096028687,-5.355284531348593
-19.059374041068967,-5.102002078768641
-18.059062448755103,-4.844362907410183
-17.080310887131212,-4.583823254127565
-16.114518613760154,-4.3077737501485585
-15.128955155030448,-4.029680857676818
-14.157408836989841,-3.76407226000643
-13.163894801257541,-3.511756837524138
-12.190939358401215,-3.2605822630717256
-11.223897794349812,-3.0023660589246766
-10.220485098174823,-2.71489593098858
-9.227337756486973,-2.435396547682179
-8.260184689332917,-2.172340444311119
-7.270797665965121,-1.9220596200893683
-6.291207237546964,-1.6684576197559498
-5.274383991200581,-1.3942340140000233
-4.281834656349789,-1.1094026379341313
-3.2987613238461355,-0.8337576396351497
-2.318308048025963,-0.5705512520515479
-1.3336170504983809,-0.3210072245796066
-0.3652056541825193,-0.06930664667752409
0.6360513785845683,0.20381121759291876
1.6063312216703003,0.48166113387134796
2.5904825009747423,0.756888061639401
3.591476682224212,1.0229255856884558
4.598207334488214,1.2787969845720148
5.579951776713716,1.5350903095848722
6.54414613576765,1.8011103083399735
7.536176373850553,2.084445788080166
8.502551277436776,2.3537081190480316
9.479520857894938,2.6139227413786807
10.474793585167669,2.872693650469591
11.4700663124404,3.131464559560501
12.455809879763885,3.360708291797454
13.433739090318108,3.5779986815351856
14.417865375423352,3.8504679500121313
15.410234263016354,4.206290991946305
16.37709604757355,4.586677453821919
17.317257505321336,4.994415396323778
18.260907665029965,5.436162472558024
19.164572920624973,5.872504389219697
20.04296482603416,6.356239461631432
20.934281894750434,6.881861921137686
21.86698923742797,7.3086263236045586
22.684469215608615,7.892239279958006
23.335778413893177,8.661743675124786
23.734612010286725,9.584089889861984
